--
-- PostgreSQL database dump
--

\restrict trj3nDRqCHRDFzW8L1KWfK09aU4NfaJBbkAaNvCQnfgIauPuejTF0p8HHluLn8y

-- Dumped from database version 17.6
-- Dumped by pg_dump version 17.6

SET statement_timeout = 0;
SET lock_timeout = 0;
SET idle_in_transaction_session_timeout = 0;
SET transaction_timeout = 0;
SET client_encoding = 'UTF8';
SET standard_conforming_strings = on;
SELECT pg_catalog.set_config('search_path', '', false);
SET check_function_bodies = false;
SET xmloption = content;
SET client_min_messages = warning;
SET row_security = off;

SET default_tablespace = '';

SET default_table_access_method = heap;

--
-- Name: auth_group; Type: TABLE; Schema: public; Owner: -
--

CREATE TABLE public.auth_group (
    id integer NOT NULL,
    name character varying(150) NOT NULL
);


--
-- Name: auth_group_id_seq; Type: SEQUENCE; Schema: public; Owner: -
--

ALTER TABLE public.auth_group ALTER COLUMN id ADD GENERATED BY DEFAULT AS IDENTITY (
    SEQUENCE NAME public.auth_group_id_seq
    START WITH 1
    INCREMENT BY 1
    NO MINVALUE
    NO MAXVALUE
    CACHE 1
);


--
-- Name: auth_group_permissions; Type: TABLE; Schema: public; Owner: -
--

CREATE TABLE public.auth_group_permissions (
    id bigint NOT NULL,
    group_id integer NOT NULL,
    permission_id integer NOT NULL
);


--
-- Name: auth_group_permissions_id_seq; Type: SEQUENCE; Schema: public; Owner: -
--

ALTER TABLE public.auth_group_permissions ALTER COLUMN id ADD GENERATED BY DEFAULT AS IDENTITY (
    SEQUENCE NAME public.auth_group_permissions_id_seq
    START WITH 1
    INCREMENT BY 1
    NO MINVALUE
    NO MAXVALUE
    CACHE 1
);


--
-- Name: auth_permission; Type: TABLE; Schema: public; Owner: -
--

CREATE TABLE public.auth_permission (
    id integer NOT NULL,
    name character varying(255) NOT NULL,
    content_type_id integer NOT NULL,
    codename character varying(100) NOT NULL
);


--
-- Name: auth_permission_id_seq; Type: SEQUENCE; Schema: public; Owner: -
--

ALTER TABLE public.auth_permission ALTER COLUMN id ADD GENERATED BY DEFAULT AS IDENTITY (
    SEQUENCE NAME public.auth_permission_id_seq
    START WITH 1
    INCREMENT BY 1
    NO MINVALUE
    NO MAXVALUE
    CACHE 1
);


--
-- Name: authtoken_token; Type: TABLE; Schema: public; Owner: -
--

CREATE TABLE public.authtoken_token (
    key character varying(40) NOT NULL,
    created timestamp with time zone NOT NULL,
    user_id uuid NOT NULL
);


--
-- Name: django_admin_log; Type: TABLE; Schema: public; Owner: -
--

CREATE TABLE public.django_admin_log (
    id integer NOT NULL,
    action_time timestamp with time zone NOT NULL,
    object_id text,
    object_repr character varying(200) NOT NULL,
    action_flag smallint NOT NULL,
    change_message text NOT NULL,
    content_type_id integer,
    user_id uuid NOT NULL,
    CONSTRAINT django_admin_log_action_flag_check CHECK ((action_flag >= 0))
);


--
-- Name: django_admin_log_id_seq; Type: SEQUENCE; Schema: public; Owner: -
--

ALTER TABLE public.django_admin_log ALTER COLUMN id ADD GENERATED BY DEFAULT AS IDENTITY (
    SEQUENCE NAME public.django_admin_log_id_seq
    START WITH 1
    INCREMENT BY 1
    NO MINVALUE
    NO MAXVALUE
    CACHE 1
);


--
-- Name: django_content_type; Type: TABLE; Schema: public; Owner: -
--

CREATE TABLE public.django_content_type (
    id integer NOT NULL,
    app_label character varying(100) NOT NULL,
    model character varying(100) NOT NULL
);


--
-- Name: django_content_type_id_seq; Type: SEQUENCE; Schema: public; Owner: -
--

ALTER TABLE public.django_content_type ALTER COLUMN id ADD GENERATED BY DEFAULT AS IDENTITY (
    SEQUENCE NAME public.django_content_type_id_seq
    START WITH 1
    INCREMENT BY 1
    NO MINVALUE
    NO MAXVALUE
    CACHE 1
);


--
-- Name: django_migrations; Type: TABLE; Schema: public; Owner: -
--

CREATE TABLE public.django_migrations (
    id bigint NOT NULL,
    app character varying(255) NOT NULL,
    name character varying(255) NOT NULL,
    applied timestamp with time zone NOT NULL
);


--
-- Name: django_migrations_id_seq; Type: SEQUENCE; Schema: public; Owner: -
--

ALTER TABLE public.django_migrations ALTER COLUMN id ADD GENERATED BY DEFAULT AS IDENTITY (
    SEQUENCE NAME public.django_migrations_id_seq
    START WITH 1
    INCREMENT BY 1
    NO MINVALUE
    NO MAXVALUE
    CACHE 1
);


--
-- Name: django_session; Type: TABLE; Schema: public; Owner: -
--

CREATE TABLE public.django_session (
    session_key character varying(40) NOT NULL,
    session_data text NOT NULL,
    expire_date timestamp with time zone NOT NULL
);


--
-- Name: store_adminuser; Type: TABLE; Schema: public; Owner: -
--

CREATE TABLE public.store_adminuser (
    password character varying(128) NOT NULL,
    is_superuser boolean NOT NULL,
    username character varying(150) NOT NULL,
    first_name character varying(150) NOT NULL,
    last_name character varying(150) NOT NULL,
    email character varying(254) NOT NULL,
    is_staff boolean NOT NULL,
    is_active boolean NOT NULL,
    date_joined timestamp with time zone NOT NULL,
    id uuid NOT NULL,
    full_name_ar character varying(255) NOT NULL,
    phone character varying(20),
    role character varying(50) NOT NULL,
    last_login timestamp with time zone,
    created_at timestamp with time zone NOT NULL,
    updated_at timestamp with time zone NOT NULL
);


--
-- Name: store_adminuser_groups; Type: TABLE; Schema: public; Owner: -
--

CREATE TABLE public.store_adminuser_groups (
    id bigint NOT NULL,
    adminuser_id uuid NOT NULL,
    group_id integer NOT NULL
);


--
-- Name: store_adminuser_groups_id_seq; Type: SEQUENCE; Schema: public; Owner: -
--

ALTER TABLE public.store_adminuser_groups ALTER COLUMN id ADD GENERATED BY DEFAULT AS IDENTITY (
    SEQUENCE NAME public.store_adminuser_groups_id_seq
    START WITH 1
    INCREMENT BY 1
    NO MINVALUE
    NO MAXVALUE
    CACHE 1
);


--
-- Name: store_adminuser_user_permissions; Type: TABLE; Schema: public; Owner: -
--

CREATE TABLE public.store_adminuser_user_permissions (
    id bigint NOT NULL,
    adminuser_id uuid NOT NULL,
    permission_id integer NOT NULL
);


--
-- Name: store_adminuser_user_permissions_id_seq; Type: SEQUENCE; Schema: public; Owner: -
--

ALTER TABLE public.store_adminuser_user_permissions ALTER COLUMN id ADD GENERATED BY DEFAULT AS IDENTITY (
    SEQUENCE NAME public.store_adminuser_user_permissions_id_seq
    START WITH 1
    INCREMENT BY 1
    NO MINVALUE
    NO MAXVALUE
    CACHE 1
);


--
-- Name: store_banner; Type: TABLE; Schema: public; Owner: -
--

CREATE TABLE public.store_banner (
    id uuid NOT NULL,
    title_ar character varying(255) NOT NULL,
    description_ar text,
    image_url character varying(500) NOT NULL,
    button_text_ar character varying(100),
    button_link character varying(500),
    display_order integer NOT NULL,
    is_active boolean NOT NULL,
    start_date timestamp with time zone,
    end_date timestamp with time zone,
    created_at timestamp with time zone NOT NULL,
    updated_at timestamp with time zone NOT NULL
);


--
-- Name: store_brand; Type: TABLE; Schema: public; Owner: -
--

CREATE TABLE public.store_brand (
    id uuid NOT NULL,
    name_ar character varying(255) NOT NULL,
    name_en character varying(255),
    logo_url character varying(500),
    is_active boolean NOT NULL,
    created_at timestamp with time zone NOT NULL
);


--
-- Name: store_category; Type: TABLE; Schema: public; Owner: -
--

CREATE TABLE public.store_category (
    id uuid NOT NULL,
    name_ar character varying(255) NOT NULL,
    name_en character varying(255),
    slug character varying(255) NOT NULL,
    description_ar text,
    image_url character varying(500),
    display_order integer NOT NULL,
    is_active boolean NOT NULL,
    created_at timestamp with time zone NOT NULL,
    updated_at timestamp with time zone NOT NULL,
    parent_id uuid
);


--
-- Name: store_coupon; Type: TABLE; Schema: public; Owner: -
--

CREATE TABLE public.store_coupon (
    id uuid NOT NULL,
    code character varying(50) NOT NULL,
    discount_percentage numeric(5,2) NOT NULL,
    valid_from timestamp with time zone NOT NULL,
    valid_to timestamp with time zone NOT NULL,
    is_active boolean NOT NULL,
    max_uses integer,
    used_count integer NOT NULL,
    created_at timestamp with time zone NOT NULL,
    updated_at timestamp with time zone NOT NULL,
    CONSTRAINT store_coupon_max_uses_check CHECK ((max_uses >= 0)),
    CONSTRAINT store_coupon_used_count_check CHECK ((used_count >= 0))
);


--
-- Name: store_coupon_products; Type: TABLE; Schema: public; Owner: -
--

CREATE TABLE public.store_coupon_products (
    id bigint NOT NULL,
    coupon_id uuid NOT NULL,
    product_id uuid NOT NULL
);


--
-- Name: store_coupon_products_id_seq; Type: SEQUENCE; Schema: public; Owner: -
--

ALTER TABLE public.store_coupon_products ALTER COLUMN id ADD GENERATED BY DEFAULT AS IDENTITY (
    SEQUENCE NAME public.store_coupon_products_id_seq
    START WITH 1
    INCREMENT BY 1
    NO MINVALUE
    NO MAXVALUE
    CACHE 1
);


--
-- Name: store_discountcode; Type: TABLE; Schema: public; Owner: -
--

CREATE TABLE public.store_discountcode (
    id uuid NOT NULL,
    code character varying(50) NOT NULL,
    description_ar character varying(255),
    discount_type character varying(20) NOT NULL,
    discount_value numeric(10,2) NOT NULL,
    min_order_amount numeric(10,2) NOT NULL,
    max_discount_amount numeric(10,2),
    usage_limit integer,
    usage_count integer NOT NULL,
    valid_from timestamp with time zone,
    valid_until timestamp with time zone,
    is_active boolean NOT NULL,
    created_at timestamp with time zone NOT NULL
);


--
-- Name: store_order; Type: TABLE; Schema: public; Owner: -
--

CREATE TABLE public.store_order (
    id uuid NOT NULL,
    order_number character varying(50) NOT NULL,
    customer_name character varying(255) NOT NULL,
    customer_phone character varying(20) NOT NULL,
    customer_email character varying(254),
    governorate character varying(100) NOT NULL,
    district character varying(100) NOT NULL,
    village character varying(100),
    detailed_address text NOT NULL,
    subtotal numeric(10,2) NOT NULL,
    discount_amount numeric(10,2) NOT NULL,
    shipping_cost numeric(10,2) NOT NULL,
    total numeric(10,2) NOT NULL,
    status character varying(50) NOT NULL,
    customer_notes text,
    admin_notes text,
    created_at timestamp with time zone NOT NULL,
    updated_at timestamp with time zone NOT NULL,
    confirmed_at timestamp with time zone,
    shipped_at timestamp with time zone,
    delivered_at timestamp with time zone,
    cancelled_at timestamp with time zone
);


--
-- Name: store_orderitem; Type: TABLE; Schema: public; Owner: -
--

CREATE TABLE public.store_orderitem (
    id uuid NOT NULL,
    product_name_ar character varying(255) NOT NULL,
    product_sku character varying(100),
    selected_size character varying(50),
    selected_color character varying(50),
    quantity integer NOT NULL,
    unit_price numeric(10,2) NOT NULL,
    discount_percentage integer NOT NULL,
    final_unit_price numeric(10,2) NOT NULL,
    subtotal numeric(10,2) NOT NULL,
    created_at timestamp with time zone NOT NULL,
    order_id uuid NOT NULL,
    product_id uuid NOT NULL
);


--
-- Name: store_orderstatushistory; Type: TABLE; Schema: public; Owner: -
--

CREATE TABLE public.store_orderstatushistory (
    id uuid NOT NULL,
    old_status character varying(50),
    new_status character varying(50) NOT NULL,
    notes text,
    created_at timestamp with time zone NOT NULL,
    changed_by_id uuid,
    order_id uuid NOT NULL
);


--
-- Name: store_product; Type: TABLE; Schema: public; Owner: -
--

CREATE TABLE public.store_product (
    id uuid NOT NULL,
    sku character varying(100) NOT NULL,
    name_ar character varying(255) NOT NULL,
    name_en character varying(255),
    slug character varying(255) NOT NULL,
    description_ar text,
    description_en text,
    price numeric(10,2) NOT NULL,
    discount_percentage integer NOT NULL,
    stock_quantity integer NOT NULL,
    is_in_stock boolean NOT NULL,
    low_stock_threshold integer NOT NULL,
    available_sizes character varying(50)[],
    available_colors character varying(50)[],
    is_featured boolean NOT NULL,
    is_new boolean NOT NULL,
    is_on_sale boolean NOT NULL,
    average_rating numeric(2,1) NOT NULL,
    review_count integer NOT NULL,
    views_count integer NOT NULL,
    sales_count integer NOT NULL,
    is_active boolean NOT NULL,
    created_at timestamp with time zone NOT NULL,
    updated_at timestamp with time zone NOT NULL,
    brand_id uuid,
    category_id uuid NOT NULL,
    display_order integer NOT NULL
);


--
-- Name: store_productimage; Type: TABLE; Schema: public; Owner: -
--

CREATE TABLE public.store_productimage (
    id uuid NOT NULL,
    image_url character varying(500) NOT NULL,
    alt_text_ar character varying(255),
    display_order integer NOT NULL,
    is_primary boolean NOT NULL,
    created_at timestamp with time zone NOT NULL,
    product_id uuid NOT NULL
);


--
-- Name: store_review; Type: TABLE; Schema: public; Owner: -
--

CREATE TABLE public.store_review (
    id uuid NOT NULL,
    reviewer_name character varying(255) NOT NULL,
    reviewer_phone character varying(20),
    rating integer NOT NULL,
    title_ar character varying(255),
    comment_ar text,
    is_approved boolean NOT NULL,
    is_verified_purchase boolean NOT NULL,
    helpful_count integer NOT NULL,
    created_at timestamp with time zone NOT NULL,
    updated_at timestamp with time zone NOT NULL,
    order_id uuid,
    product_id uuid NOT NULL
);


--
-- Name: store_shippingzone; Type: TABLE; Schema: public; Owner: -
--

CREATE TABLE public.store_shippingzone (
    id uuid NOT NULL,
    governorate character varying(100) NOT NULL,
    shipping_cost numeric(10,2) NOT NULL,
    estimated_days character varying(50),
    is_active boolean NOT NULL,
    created_at timestamp with time zone NOT NULL
);


--
-- Name: store_sitesetting; Type: TABLE; Schema: public; Owner: -
--

CREATE TABLE public.store_sitesetting (
    id uuid NOT NULL,
    key character varying(100) NOT NULL,
    value text,
    description character varying(255),
    updated_at timestamp with time zone NOT NULL
);


--
-- Data for Name: auth_group; Type: TABLE DATA; Schema: public; Owner: -
--

COPY public.auth_group (id, name) FROM stdin;
\.


--
-- Data for Name: auth_group_permissions; Type: TABLE DATA; Schema: public; Owner: -
--

COPY public.auth_group_permissions (id, group_id, permission_id) FROM stdin;
\.


--
-- Data for Name: auth_permission; Type: TABLE DATA; Schema: public; Owner: -
--

COPY public.auth_permission (id, name, content_type_id, codename) FROM stdin;
1	Can add log entry	1	add_logentry
2	Can change log entry	1	change_logentry
3	Can delete log entry	1	delete_logentry
4	Can view log entry	1	view_logentry
5	Can add permission	3	add_permission
6	Can change permission	3	change_permission
7	Can delete permission	3	delete_permission
8	Can view permission	3	view_permission
9	Can add group	2	add_group
10	Can change group	2	change_group
11	Can delete group	2	delete_group
12	Can view group	2	view_group
13	Can add content type	4	add_contenttype
14	Can change content type	4	change_contenttype
15	Can delete content type	4	delete_contenttype
16	Can view content type	4	view_contenttype
17	Can add session	5	add_session
18	Can change session	5	change_session
19	Can delete session	5	delete_session
20	Can view session	5	view_session
21	Can add Token	6	add_token
22	Can change Token	6	change_token
23	Can delete Token	6	delete_token
24	Can view Token	6	view_token
25	Can add Token	7	add_tokenproxy
26	Can change Token	7	change_tokenproxy
27	Can delete Token	7	delete_tokenproxy
28	Can view Token	7	view_tokenproxy
29	Can add إعداد الموقع	20	add_sitesetting
30	Can change إعداد الموقع	20	change_sitesetting
31	Can delete إعداد الموقع	20	delete_sitesetting
32	Can view إعداد الموقع	20	view_sitesetting
33	Can add مسؤول	8	add_adminuser
34	Can change مسؤول	8	change_adminuser
35	Can delete مسؤول	8	delete_adminuser
36	Can view مسؤول	8	view_adminuser
37	Can add بانر	9	add_banner
38	Can change بانر	9	change_banner
39	Can delete بانر	9	delete_banner
40	Can view بانر	9	view_banner
41	Can add براند	10	add_brand
42	Can change براند	10	change_brand
43	Can delete براند	10	delete_brand
44	Can view براند	10	view_brand
45	Can add فئة	11	add_category
46	Can change فئة	11	change_category
47	Can delete فئة	11	delete_category
48	Can view فئة	11	view_category
49	Can add كود خصم	12	add_discountcode
50	Can change كود خصم	12	change_discountcode
51	Can delete كود خصم	12	delete_discountcode
52	Can view كود خصم	12	view_discountcode
53	Can add طلب	13	add_order
54	Can change طلب	13	change_order
55	Can delete طلب	13	delete_order
56	Can view طلب	13	view_order
57	Can add سجل حالة طلب	15	add_orderstatushistory
58	Can change سجل حالة طلب	15	change_orderstatushistory
59	Can delete سجل حالة طلب	15	delete_orderstatushistory
60	Can view سجل حالة طلب	15	view_orderstatushistory
61	Can add منتج	16	add_product
62	Can change منتج	16	change_product
63	Can delete منتج	16	delete_product
64	Can view منتج	16	view_product
65	Can add منتج الطلب	14	add_orderitem
66	Can change منتج الطلب	14	change_orderitem
67	Can delete منتج الطلب	14	delete_orderitem
68	Can view منتج الطلب	14	view_orderitem
69	Can add صورة منتج	17	add_productimage
70	Can change صورة منتج	17	change_productimage
71	Can delete صورة منتج	17	delete_productimage
72	Can view صورة منتج	17	view_productimage
73	Can add مراجعة	18	add_review
74	Can change مراجعة	18	change_review
75	Can delete مراجعة	18	delete_review
76	Can view مراجعة	18	view_review
77	Can add منطقة شحن	19	add_shippingzone
78	Can change منطقة شحن	19	change_shippingzone
79	Can delete منطقة شحن	19	delete_shippingzone
80	Can view منطقة شحن	19	view_shippingzone
81	Can add كوبون	21	add_coupon
82	Can change كوبون	21	change_coupon
83	Can delete كوبون	21	delete_coupon
84	Can view كوبون	21	view_coupon
\.


--
-- Data for Name: authtoken_token; Type: TABLE DATA; Schema: public; Owner: -
--

COPY public.authtoken_token (key, created, user_id) FROM stdin;
971d9f9c3510d5d8bfe6364097a36e1dbf82ecb9	2025-12-29 18:11:15.342909+02	223c2edc-19a9-4815-a295-08fc5f0e81c6
\.


--
-- Data for Name: django_admin_log; Type: TABLE DATA; Schema: public; Owner: -
--

COPY public.django_admin_log (id, action_time, object_id, object_repr, action_flag, change_message, content_type_id, user_id) FROM stdin;
\.


--
-- Data for Name: django_content_type; Type: TABLE DATA; Schema: public; Owner: -
--

COPY public.django_content_type (id, app_label, model) FROM stdin;
1	admin	logentry
2	auth	group
3	auth	permission
4	contenttypes	contenttype
5	sessions	session
6	authtoken	token
7	authtoken	tokenproxy
8	store	adminuser
9	store	banner
10	store	brand
11	store	category
12	store	discountcode
13	store	order
14	store	orderitem
15	store	orderstatushistory
16	store	product
17	store	productimage
18	store	review
19	store	shippingzone
20	store	sitesetting
21	store	coupon
\.


--
-- Data for Name: django_migrations; Type: TABLE DATA; Schema: public; Owner: -
--

COPY public.django_migrations (id, app, name, applied) FROM stdin;
1	contenttypes	0001_initial	2025-12-29 17:08:52.991965+02
2	contenttypes	0002_remove_content_type_name	2025-12-29 17:08:53.008031+02
3	auth	0001_initial	2025-12-29 17:08:53.073586+02
4	auth	0002_alter_permission_name_max_length	2025-12-29 17:08:53.080037+02
5	auth	0003_alter_user_email_max_length	2025-12-29 17:08:53.084728+02
6	auth	0004_alter_user_username_opts	2025-12-29 17:08:53.091969+02
7	auth	0005_alter_user_last_login_null	2025-12-29 17:08:53.096922+02
8	auth	0006_require_contenttypes_0002	2025-12-29 17:08:53.098586+02
9	auth	0007_alter_validators_add_error_messages	2025-12-29 17:08:53.107912+02
10	auth	0008_alter_user_username_max_length	2025-12-29 17:08:53.113966+02
11	auth	0009_alter_user_last_name_max_length	2025-12-29 17:08:53.119237+02
12	auth	0010_alter_group_name_max_length	2025-12-29 17:08:53.133555+02
13	auth	0011_update_proxy_permissions	2025-12-29 17:08:53.140396+02
14	auth	0012_alter_user_first_name_max_length	2025-12-29 17:08:53.145032+02
15	store	0001_initial	2025-12-29 17:08:53.65303+02
16	admin	0001_initial	2025-12-29 17:08:53.691179+02
17	admin	0002_logentry_remove_auto_add	2025-12-29 17:08:53.699234+02
18	admin	0003_logentry_add_action_flag_choices	2025-12-29 17:08:53.708321+02
19	authtoken	0001_initial	2025-12-29 17:08:53.736632+02
20	authtoken	0002_auto_20160226_1747	2025-12-29 17:08:53.780609+02
21	authtoken	0003_tokenproxy	2025-12-29 17:08:53.796294+02
22	authtoken	0004_alter_tokenproxy_options	2025-12-29 17:08:53.800992+02
23	sessions	0001_initial	2025-12-29 17:08:53.813889+02
24	store	0002_coupon	2026-01-02 19:46:19.731463+02
25	store	0003_add_product_display_order	2026-01-05 15:58:45.818115+02
26	store	0004_set_initial_display_order	2026-01-05 15:58:45.938212+02
27	store	0005_remove_coupon_store_coupo_product_abd2dc_idx_and_more	2026-01-05 16:29:12.88947+02
\.


--
-- Data for Name: django_session; Type: TABLE DATA; Schema: public; Owner: -
--

COPY public.django_session (session_key, session_data, expire_date) FROM stdin;
\.


--
-- Data for Name: store_adminuser; Type: TABLE DATA; Schema: public; Owner: -
--

COPY public.store_adminuser (password, is_superuser, username, first_name, last_name, email, is_staff, is_active, date_joined, id, full_name_ar, phone, role, last_login, created_at, updated_at) FROM stdin;
pbkdf2_sha256$1200000$IqxtxttGymatK8zQ9FniV3$i+EcZ5WwlBjKTBpyUAF4iuYzqOccnZI/XBbUGFrIVoo=	t	admin			admin@gmail.com	t	t	2025-12-29 17:09:47.577255+02	223c2edc-19a9-4815-a295-08fc5f0e81c6	المدير الرئيسي	\N	super_admin	2026-01-07 22:42:17.608815+02	2025-12-29 17:09:47.578171+02	2025-12-29 17:09:48.403134+02
\.


--
-- Data for Name: store_adminuser_groups; Type: TABLE DATA; Schema: public; Owner: -
--

COPY public.store_adminuser_groups (id, adminuser_id, group_id) FROM stdin;
\.


--
-- Data for Name: store_adminuser_user_permissions; Type: TABLE DATA; Schema: public; Owner: -
--

COPY public.store_adminuser_user_permissions (id, adminuser_id, permission_id) FROM stdin;
\.


--
-- Data for Name: store_banner; Type: TABLE DATA; Schema: public; Owner: -
--

COPY public.store_banner (id, title_ar, description_ar, image_url, button_text_ar, button_link, display_order, is_active, start_date, end_date, created_at, updated_at) FROM stdin;
\.


--
-- Data for Name: store_brand; Type: TABLE DATA; Schema: public; Owner: -
--

COPY public.store_brand (id, name_ar, name_en, logo_url, is_active, created_at) FROM stdin;
\.


--
-- Data for Name: store_category; Type: TABLE DATA; Schema: public; Owner: -
--

COPY public.store_category (id, name_ar, name_en, slug, description_ar, image_url, display_order, is_active, created_at, updated_at, parent_id) FROM stdin;
7717869c-ddff-45a7-9cf9-c9634fedf90c	احذية خروج	Casual Shoes	casual-shoes	\N	https://images.unsplash.com/photo-1549298916-b41d501d3772?w=800&q=80	0	t	2026-01-01 01:16:10.71722+02	2026-01-01 01:16:10.717228+02	\N
677e7aaf-078b-4e34-bc24-a32985e333f1	ملابس بيتي	ملابس بيتي	home-wear		https://images.unsplash.com/photo-1515886657613-9f3515b0c78f?w=800&q=80	0	f	2026-01-01 01:16:10.707846+02	2026-01-03 18:00:53.545769+02	\N
a5ea40af-9f31-49fb-a3c3-d5ab1cc6c1a8	شرابات رياضية	شرابات رياضية	sports-socks		https://images.unsplash.com/photo-1515886657613-9f3515b0c78f?w=800&q=80	0	f	2026-01-01 01:16:10.720277+02	2026-01-03 18:18:26.885174+02	\N
e6d5ebaa-10a8-47cc-93b8-c793381de6fb	ملابس رياضية	ملابس رياضية	mens-sportswear		http://localhost:8000/media/categories/26573311-f10c-4870-b024-8195a1af4a3d.png	0	t	2026-01-01 01:16:10.712483+02	2026-01-03 18:21:08.590483+02	\N
6fe6dc43-c0f4-4ec5-b205-4f8d5d83fa47	ترنكات رياضية	ترنكات رياضية	casual-wear		http://localhost:8000/media/categories/5238da4c-1026-4887-8989-b8e159e8617d.jpg	0	t	2026-01-01 01:16:10.710396+02	2026-01-03 18:21:28.161962+02	\N
69524204-0276-49b2-9321-45df6e005d1b	بنطلونات رياضية	بنطلونات رياضية	sports-pants		http://localhost:8000/media/categories/3951cd34-6ee1-41c2-90ae-ff605bfac4a8.jpg	0	t	2026-01-01 01:16:10.722701+02	2026-01-03 18:21:59.656359+02	\N
f997da81-2a73-4c77-8c2f-8ab13ee0d05d	Slippers	Slippers	sports-shoes		http://localhost:8000/media/categories/01b81ccd-1529-4c70-9627-b73770f21df3.png	0	t	2026-01-01 01:16:10.714947+02	2026-01-03 18:22:42.08079+02	\N
89af969b-7fb0-47e4-a6fe-f8238b67b557	عام	عام	عام		http://localhost:8000/media/categories/db896075-16e2-4433-9faa-56696b11189a.jpg	0	t	2026-01-02 10:46:44.731625+02	2026-01-03 18:23:57.726393+02	\N
ae412d80-b79c-4306-9637-e0047fcf1129	سويت شيرتس Sweatshirt	سويت شيرتس Sweatshirt	sports-mens		http://localhost:8000/media/categories/22c2b460-9186-40af-b940-8482e45b766b.png	0	t	2025-12-29 17:09:48.443536+02	2026-01-03 18:24:18.933135+02	\N
\.


--
-- Data for Name: store_coupon; Type: TABLE DATA; Schema: public; Owner: -
--

COPY public.store_coupon (id, code, discount_percentage, valid_from, valid_to, is_active, max_uses, used_count, created_at, updated_at) FROM stdin;
2da7340a-e95a-4e08-9343-f29c639985c8	A	2.00	2026-01-02 19:47:00+02	2026-01-03 19:47:00+02	t	\N	0	2026-01-02 19:47:57.890401+02	2026-01-02 19:47:57.890413+02
fc2b2661-04ad-47d4-b1b9-cf3f7f7dbe32	GALAL11	11.00	2026-01-04 23:14:00+02	2026-01-20 23:15:00+02	t	\N	0	2026-01-04 23:15:12.996887+02	2026-01-06 03:35:48.993631+02
\.


--
-- Data for Name: store_coupon_products; Type: TABLE DATA; Schema: public; Owner: -
--

COPY public.store_coupon_products (id, coupon_id, product_id) FROM stdin;
1	fc2b2661-04ad-47d4-b1b9-cf3f7f7dbe32	c3df364b-8144-411d-bfef-ef4ed9df9d13
2	fc2b2661-04ad-47d4-b1b9-cf3f7f7dbe32	7289f5fd-e46b-4fc9-8e3d-ccbd92d667f3
3	fc2b2661-04ad-47d4-b1b9-cf3f7f7dbe32	9c8d37da-abcf-46b5-bbcd-58c4bd3d88d2
4	fc2b2661-04ad-47d4-b1b9-cf3f7f7dbe32	611b67a4-e981-4cef-9979-3f73dfd55885
5	fc2b2661-04ad-47d4-b1b9-cf3f7f7dbe32	0b2f67fc-6c8b-44ee-9129-4144d3d8e307
6	fc2b2661-04ad-47d4-b1b9-cf3f7f7dbe32	f22870df-18d3-415e-9b6f-b32a0d3485e9
7	fc2b2661-04ad-47d4-b1b9-cf3f7f7dbe32	db2b3d1e-261f-43a4-9905-b0fb497d31f7
8	fc2b2661-04ad-47d4-b1b9-cf3f7f7dbe32	fcf39070-736a-4fea-b1d9-c5e4018b89d7
9	fc2b2661-04ad-47d4-b1b9-cf3f7f7dbe32	33dd3cd0-8831-4eab-8c8d-05489fe4efa4
10	fc2b2661-04ad-47d4-b1b9-cf3f7f7dbe32	ae35ccbd-1152-46b4-982e-da49490f1755
11	fc2b2661-04ad-47d4-b1b9-cf3f7f7dbe32	aa333ebe-23ef-4489-a434-b215ff4837bf
12	fc2b2661-04ad-47d4-b1b9-cf3f7f7dbe32	c59d149f-c44f-4b55-838c-1397d52222e0
13	fc2b2661-04ad-47d4-b1b9-cf3f7f7dbe32	09399870-3d76-40cf-a620-c00a1859dc20
14	fc2b2661-04ad-47d4-b1b9-cf3f7f7dbe32	2a3c8cd2-4d92-4b9a-868f-4067e5cb14d9
15	fc2b2661-04ad-47d4-b1b9-cf3f7f7dbe32	f9b5fc88-4b3d-4a3d-9235-2ca3a9e29aed
17	fc2b2661-04ad-47d4-b1b9-cf3f7f7dbe32	a24145be-6bb2-43c6-b8b2-7a5ff68cf072
18	fc2b2661-04ad-47d4-b1b9-cf3f7f7dbe32	b518bcc0-f314-40c4-8e6f-622a8424d780
19	fc2b2661-04ad-47d4-b1b9-cf3f7f7dbe32	1e5d1e6b-3595-4f9a-a79a-4a7150a73b8c
20	fc2b2661-04ad-47d4-b1b9-cf3f7f7dbe32	6fa28a8d-1641-4a73-8ae6-799fe575fb89
21	fc2b2661-04ad-47d4-b1b9-cf3f7f7dbe32	8967f323-0bfc-43d2-972c-3d7f721c78b7
22	fc2b2661-04ad-47d4-b1b9-cf3f7f7dbe32	76a572ba-9b8d-4fbf-b6c3-2d001fde998c
23	fc2b2661-04ad-47d4-b1b9-cf3f7f7dbe32	5f7f1fad-29cd-4df7-852f-d3dc39790fce
24	fc2b2661-04ad-47d4-b1b9-cf3f7f7dbe32	64f7f85a-aa4a-4578-8325-188c213accdc
25	fc2b2661-04ad-47d4-b1b9-cf3f7f7dbe32	0ebb4dd7-fb2e-4e9a-8693-d2d294aed5a7
26	fc2b2661-04ad-47d4-b1b9-cf3f7f7dbe32	294fc289-b640-4b02-aa55-77e676561c46
\.


--
-- Data for Name: store_discountcode; Type: TABLE DATA; Schema: public; Owner: -
--

COPY public.store_discountcode (id, code, description_ar, discount_type, discount_value, min_order_amount, max_discount_amount, usage_limit, usage_count, valid_from, valid_until, is_active, created_at) FROM stdin;
\.


--
-- Data for Name: store_order; Type: TABLE DATA; Schema: public; Owner: -
--

COPY public.store_order (id, order_number, customer_name, customer_phone, customer_email, governorate, district, village, detailed_address, subtotal, discount_amount, shipping_cost, total, status, customer_notes, admin_notes, created_at, updated_at, confirmed_at, shipped_at, delivered_at, cancelled_at) FROM stdin;
38469c65-688d-4290-bdeb-00052b79da18	IZR-20260101-0001	Test Customer	01012345678		أسيوط	Assiut City		Test Address	100.00	0.00	25.00	125.00	pending		\N	2026-01-01 01:08:02.913187+02	2026-01-01 01:08:02.913226+02	\N	\N	\N	\N
5350a6ab-3e87-4273-a9ba-f9609e268435	IZR-20260101-0002	Jalal Ali	01128288888	glooalifadel@gmail.com	أسيوط	الفتح	بني عروس	تاتلللللللللل	450.00	0.00	25.00	475.00	pending	ااااااااااااااان	\N	2026-01-01 21:54:08.923658+02	2026-01-01 21:54:08.923704+02	\N	\N	\N	\N
36ad8c3a-6f5b-4356-adc3-4e27d7efbe71	IZR-20260101-0003	Debug User	01012345678	\N	أسيوط	أسيوط		Test Address 123	200.00	0.00	25.00	225.00	pending		\N	2026-01-01 22:32:44.147588+02	2026-01-01 22:32:44.147651+02	\N	\N	\N	\N
298f054e-1b50-4d8b-8754-e5ec02b74193	IZR-20260101-0004	Jalal Ali	01128222152	glooalifadel@gmail.com	أسيوط	الفتح	الشيخ شبل	ddddddd	375.00	0.00	25.00	400.00	pending	dge4ter	\N	2026-01-01 22:37:27.301565+02	2026-01-01 22:37:27.301671+02	\N	\N	\N	\N
d2649a50-52f3-4d3d-9f88-df34bd062881	IZR-20260101-0005	Ali Kareem	01198222152	abcs@gmail.com	أسيوط	مدينة أسيوط		dddddd	375.00	0.00	25.00	400.00	pending	dddddddd	\N	2026-01-01 22:50:18.313614+02	2026-01-01 22:50:18.314083+02	\N	\N	\N	\N
62f5ac62-37a3-4a15-999b-d8bd7aa97e3a	IZR-20260101-0006	Hosy	01128222152	andorahor@gmail.com	أسيوط	الغنايم	الزوايدة	dddddddd	375.00	0.00	50.00	425.00	pending	dddddd	\N	2026-01-01 22:51:43.801386+02	2026-01-01 22:51:43.801396+02	\N	\N	\N	\N
cab8648a-e3e7-4a97-8650-b93438a2bc9b	IZR-20260101-0007	افحص عدد المتاح المفترض بعد ده سبعة	01236547899	a@gmail.com	أسيوط	مدينة أسيوط		ddd	375.00	0.00	25.00	400.00	delivered	thfdhd+645954	\N	2026-01-01 23:02:45.311884+02	2026-01-02 06:42:44.806015+02	2026-01-02 06:39:58.61063+02	\N	2026-01-02 06:42:44.805916+02	\N
046268ea-a67f-4e2e-b17f-6a6756f04642	IZR-20260103-0001	صالح صلاح	01256985222	salehabuziad@gmail.com	أسيوط	ديروط	القوصية	ddddddddddddddddd	352.80	7.20	50.00	402.80	pending	this is test address2	\N	2026-01-03 19:30:07.727811+02	2026-01-03 19:30:07.727839+02	\N	\N	\N	\N
7ce90c0c-c891-43ba-9190-a05d3c415901	IZR-20260104-0001	Jalal Ali	01128222152	glooalifadel@gmail.com	أسيوط	مدينة أسيوط		22222222	450.00	0.00	25.00	475.00	pending	5555555555555555555555	\N	2026-01-04 04:05:19.827584+02	2026-01-04 04:05:19.827599+02	\N	\N	\N	\N
\.


--
-- Data for Name: store_orderitem; Type: TABLE DATA; Schema: public; Owner: -
--

COPY public.store_orderitem (id, product_name_ar, product_sku, selected_size, selected_color, quantity, unit_price, discount_percentage, final_unit_price, subtotal, created_at, order_id, product_id) FROM stdin;
99b0eb39-d113-458f-a66a-6b2094fb0bdf	تراك نص سوستة	de295d6c-6596-4197-b21f-99481f35ed3b	L	أبيض	1	360.00	0	360.00	360.00	2026-01-03 19:30:07.744699+02	046268ea-a67f-4e2e-b17f-6a6756f04642	de295d6c-6596-4197-b21f-99481f35ed3b
9572344a-704e-4a44-957e-aebb4b9fcc45	تراك نص سوستة	de295d6c-6596-4197-b21f-99481f35ed3b	XL	أسود	1	500.00	10	450.00	450.00	2026-01-04 04:05:19.832454+02	7ce90c0c-c891-43ba-9190-a05d3c415901	de295d6c-6596-4197-b21f-99481f35ed3b
\.


--
-- Data for Name: store_orderstatushistory; Type: TABLE DATA; Schema: public; Owner: -
--

COPY public.store_orderstatushistory (id, old_status, new_status, notes, created_at, changed_by_id, order_id) FROM stdin;
b4f4e5e4-4969-4cf0-a2fb-ecc632197ae9	\N	pending	تم إنشاء الطلب	2026-01-01 01:08:02.946297+02	\N	38469c65-688d-4290-bdeb-00052b79da18
4d2c19d8-f70e-46c0-9d97-3512eb435a8e	\N	pending	تم إنشاء الطلب	2026-01-01 21:54:08.983087+02	\N	5350a6ab-3e87-4273-a9ba-f9609e268435
1d169c67-440d-4331-b9c6-47dd66b675f0	\N	pending	تم إنشاء الطلب	2026-01-01 22:32:44.165003+02	\N	36ad8c3a-6f5b-4356-adc3-4e27d7efbe71
df0d33f6-a9e7-4dbf-8db4-ee4f73f44568	\N	pending	تم إنشاء الطلب	2026-01-01 22:37:27.333191+02	\N	298f054e-1b50-4d8b-8754-e5ec02b74193
86b6a339-72be-4dc8-905c-62ddbd51997a	\N	pending	تم إنشاء الطلب	2026-01-01 22:50:18.364764+02	\N	d2649a50-52f3-4d3d-9f88-df34bd062881
fd4bc98f-3e10-437a-b5c9-ed2cab73762d	\N	pending	تم إنشاء الطلب	2026-01-01 22:51:43.823595+02	\N	62f5ac62-37a3-4a15-999b-d8bd7aa97e3a
46b83431-ddd7-4a6f-ac36-88b88c4cf7a8	\N	pending	تم إنشاء الطلب	2026-01-01 23:02:45.33955+02	\N	cab8648a-e3e7-4a97-8650-b93438a2bc9b
bb6e7af3-d817-46f1-afd2-ce85cb918b08	pending	confirmed		2026-01-02 06:39:58.686072+02	223c2edc-19a9-4815-a295-08fc5f0e81c6	cab8648a-e3e7-4a97-8650-b93438a2bc9b
d086df4f-9463-4a2c-8222-ee85bba6d453	confirmed	delivered		2026-01-02 06:42:44.810308+02	223c2edc-19a9-4815-a295-08fc5f0e81c6	cab8648a-e3e7-4a97-8650-b93438a2bc9b
4df90774-eabe-491a-92be-0f6535e7791f	\N	pending	تم إنشاء الطلب	2026-01-03 19:30:07.759546+02	\N	046268ea-a67f-4e2e-b17f-6a6756f04642
86372af8-1722-4c91-ab86-6c94afa2de2a	\N	pending	تم إنشاء الطلب	2026-01-04 04:05:19.836768+02	\N	7ce90c0c-c891-43ba-9190-a05d3c415901
\.


--
-- Data for Name: store_product; Type: TABLE DATA; Schema: public; Owner: -
--

COPY public.store_product (id, sku, name_ar, name_en, slug, description_ar, description_en, price, discount_percentage, stock_quantity, is_in_stock, low_stock_threshold, available_sizes, available_colors, is_featured, is_new, is_on_sale, average_rating, review_count, views_count, sales_count, is_active, created_at, updated_at, brand_id, category_id, display_order) FROM stdin;
64f7f85a-aa4a-4578-8325-188c213accdc	sweatTracksku-nike	sweat track from Nike ترنج نايك غامق	sweat track from Nike ترنج نايك غامق	sweatTrack-nike-1	ترنج نايك تك مقاس m الي 2xl\nاللون المتاح: الأسود	\N	1500.00	13	7	t	5	{M,L,XL,XXL}	{أسود}	f	f	f	0.0	0	4	0	t	2026-01-06 03:27:20.232653+02	2026-01-06 03:27:20.232692+02	\N	6fe6dc43-c0f4-4ec5-b205-4f8d5d83fa47	0
c59d149f-c44f-4b55-838c-1397d52222e0	SKU-4110F4E0	ترنجsweat track من Adidas	ترنجsweat track من Adidas	sweat-track-from-adidas-3-models	ترنج غطس مستورد اديداس سوسته كامله مقاس من اكس لارج الي ٣ اكس\nترنجsweat track من Adidas	\N	820.00	10	10	t	5	{XL,XXL,XXXL}	{أبيض,أسود,أزرق}	f	f	f	0.0	0	2	0	t	2026-01-02 10:46:44.96662+02	2026-01-02 10:46:44.972928+02	\N	e6d5ebaa-10a8-47cc-93b8-c793381de6fb	12
33dd3cd0-8831-4eab-8c8d-05489fe4efa4	SKU-4BD2E250	ترنج  sweattrack-من Puma	ترنج  sweattrack-من Puma	sweattrack-fur-material	ترنج غطس مستورد بوما لوجو تطريز  مقاس ٢ و ٣ اكس	\N	780.00	10	10	t	5	{XXXL,XXL}	{أزرق,أسود,أحمر}	f	f	f	0.0	0	3	0	t	2026-01-02 10:46:45.018117+02	2026-01-02 10:46:45.024338+02	\N	6fe6dc43-c0f4-4ec5-b205-4f8d5d83fa47	10
ae35ccbd-1152-46b4-982e-da49490f1755	SKU-540B9808	ترنج sweat-track من Nike	ترنج sweat-track من Nike	sweat-track-nike	ترنج غطس مستورد اديدس سوسته كامله ٢ اكس \nاللون المتوفر أبيض في أسود	\N	780.00	10	10	t	5	{XXL}	{كحلي,أبيض}	f	f	f	0.0	0	3	0	t	2026-01-02 10:46:44.990407+02	2026-01-02 10:46:45.010467+02	\N	e6d5ebaa-10a8-47cc-93b8-c793381de6fb	11
a24145be-6bb2-43c6-b8b2-7a5ff68cf072	SKU-84BC163F	ترنج سوفت مستورد مبطن فرو Fur material sweat track	ترنج سوفت مستورد مبطن فرو Fur material sweat track	Fur-material-sweat-track-2	منتج ترنج سوفت مستورد مبطن فرو مقاس ٢ اكس Fur material sweat track	\N	1350.00	10	10	t	5	{XXL}	{أحمر}	f	f	f	0.0	0	1	0	t	2026-01-02 10:46:44.826511+02	2026-01-02 10:46:44.831358+02	\N	6fe6dc43-c0f4-4ec5-b205-4f8d5d83fa47	16
f9b5fc88-4b3d-4a3d-9235-2ca3a9e29aed	SKU-2A1C49EA	ترنج سوفت مبطن فولار  Foulard material sweat track	ترنج سوفت مبطن فولار  Foulard material sweat track	Foulardmaterial-sweat-track2	منتج ترنج سوفت مستورد مبطن فولار  2 اكس لارج\nالالوان المتاحة:1- أزرق غامق (كحلي) بنقشة مموهة بنفس الدرجة وبنطلون نفس اللون في اسود\n2-أزرق غامق (كحلي) مع نقشة بنفس اللون يميل الي البيج والبنطون اسود في ازرق غامق\n3-رمادي فاتح (داخل نقش التمويه) وبنطلون اسود في اخضر زيتي فاتح\n4-أخضر زيتي غامق (كاكي داكن) وبطلون اسود في اخضر زيتي	\N	1200.00	12	10	t	5	{XXL}	{أزرق,رمادي,أخضر}	f	f	f	0.0	0	2	0	t	2026-01-02 10:46:44.83632+02	2026-01-02 10:46:44.861181+02	\N	6fe6dc43-c0f4-4ec5-b205-4f8d5d83fa47	15
9875bacf-3e50-46f2-8d1f-3cfec6e9e93b	SKU-7E15E439	سويت شيرت تراك رياضي	سويت شيرت تراك رياضي	تراك-نص-سوسته-خامه-مستورده-مقاسات-m-و-l-سعر-ب	تألق بمظهر رياضي مميز مع هذا السويت شيرت المصمم بنمط "نصف سحاب" (Half-Zip) العصري. تم تصنيع هذا الموديل من خامات مستوردة عالية الجودة تضمن لك الراحة والمتانة في آن واحد. يتميز بتداخل لوني أنيق (جسم أبيض مع أكمام زرقاء) وتفاصيل رياضية جذابة، مما يجعله خياراً مثالياً للتمارين أو الخروجات اليومية (Casual Wear). قطعة عملية توفر لك الأناقة والراحة بسعر تنافسي	\N	401.00	10	10	t	5	{M,L}	{أسود,رمادي,أبيض}	f	f	f	0.0	0	1	0	t	2026-01-02 10:46:44.764474+02	2026-01-02 10:46:44.77083+02	\N	e6d5ebaa-10a8-47cc-93b8-c793381de6fb	18
0ebb4dd7-fb2e-4e9a-8693-d2d294aed5a7	SKU-3C1EDA5H	بنطلون انترلوك قطن	بنطلون انترلوك قطن	sports-pants-big-size	مقاس من xl الي 4XL	\N	570.00	11	12	t	5	{XL,XXL,XXXL}	{أبيض,أخضر,أسود}	f	f	f	0.0	0	2	0	t	2026-01-06 03:30:37.607558+02	2026-01-06 03:30:37.607572+02	\N	69524204-0276-49b2-9321-45df6e005d1b	0
ef5784f7-b29f-4d76-8347-d50e294548f2	SKU-350890FA	شبشب رياضي	شبشب رياضي	شباشب	شبشب رياضي مقاس من من 42 ل 45 (Egyptian Slippers)	\N	270.00	10	10	t	5	{}	{أزرق,أسود,رمادي}	f	f	f	0.0	0	18	0	t	2026-01-02 10:46:45.422656+02	2026-01-02 10:46:45.512162+02	\N	f997da81-2a73-4c77-8c2f-8ab13ee0d05d	20
1e5d1e6b-3595-4f9a-a79a-4a7150a73b8c	SKU-87C63DAA	تراك غطس كواليتي اديداس هارد كوبي	تراك غطس كواليتي اديداس هارد كوبي	sweat-shirt-simple	تراك غطس كواليتي اورجنال مستورده	\N	550.00	12	10	t	5	{XL,XXL}	{أبيض,أخضر}	f	f	f	0.0	0	2	0	t	2026-01-02 10:46:44.73786+02	2026-01-02 10:46:44.753192+02	\N	89af969b-7fb0-47e4-a6fe-f8238b67b557	19
7289f5fd-e46b-4fc9-8e3d-ccbd92d667f3	SKU-558630BF	سويت شرتSweat-shirt غطس	سويت شرتSweat-shirt غطس	sweatshirt-with-slogan	سويت شرت غطس مستورد لوجو تطريز	\N	530.00	10	10	t	5	{M,L,XL,XXL}	{أسود}	f	f	f	0.0	0	6	0	t	2026-01-02 10:46:45.374147+02	2026-01-02 10:46:45.38426+02	\N	ae412d80-b79c-4306-9637-e0047fcf1129	3
8967f323-0bfc-43d2-972c-3d7f721c78b7	simple-sweat-shrit-sku	simple sweat shirt  تيشرت من روزيتا متعدد الالوان	simple sweat shirt  تيشرت من روزيتا متعدد الالوان	simple-sweat-shrit	تيشرت روزتا مستورد قطن اسفنجي مقاس ٢ اكس و ٣ اكس \nمتعدد الألوان	\N	650.00	10	7	t	5	{XXL,XXXL}	{أسود}	f	f	f	0.0	0	3	0	t	2026-01-06 02:44:52.739045+02	2026-01-06 02:44:52.739055+02	\N	ae412d80-b79c-4306-9637-e0047fcf1129	0
b518bcc0-f314-40c4-8e6f-622a8424d780	SKU-68DACE79	ترنج سوفت مستورد مبطن فرو Fur material sweat track متعدد ألوان	ترنج سوفت مستورد مبطن فرو Fur material sweat track متعدد ألوان	Fur-material-sweat-track	ترنج سوفت مستورد مبطن فرو  مقاس ٢ و ٣اكس   Fur material sweat track \nالألوان:\n1-رمادي فاتح مائل للبيج (جريج دافئ) وبنطلون رمادي غامق_اسود\n2-أسود، أبيض.\n3-ترنك اخضر في اسود_يميل للبني\n4-ترنج ازرق في اسود	\N	1230.00	10	10	t	5	{XXL,XXXL}	{أسود,رمادي}	f	f	f	0.0	0	2	0	t	2026-01-02 10:46:44.804506+02	2026-01-02 10:46:44.822749+02	\N	6fe6dc43-c0f4-4ec5-b205-4f8d5d83fa47	17
067fcb2b-b33d-4c52-abea-1fd2f0159200	SKU-D1C43F6C	بنطلون غطس مستورد مقاسات من	بنطلون غطس مستورد مقاسات من	بنطلون-غطس-مستورد-مقاسات-من	منتج بنطلون غطس مستورد مقاسات من عالي الجودة	\N	0.00	0	10	t	5	{L,XL,XXL,2XL,3XL}	{كحلي}	f	f	f	0.0	0	0	0	t	2026-01-02 10:46:44.62302+02	2026-01-02 10:46:44.728556+02	\N	69524204-0276-49b2-9321-45df6e005d1b	21
2544aaef-9b1d-4ce3-93c0-08469ec72c94	SKU-3F18FEF6	بنطلون غطس فلات مستورد مقاسات اكس لارج الي ٣اكس سعر ب ٣٠٠	بنطلون غطس فلات مستورد مقاسات اكس لارج الي ٣اكس سعر ب ٣٠٠	بنطلون-غطس-فلات-مستورد-مقاسات-اكس-لارج-الي-٣اكس-سعر-ب-٣٠٠	منتج بنطلون غطس فلات مستورد مقاسات اكس لارج الي ٣اكس سعر ب ٣٠٠ عالي الجودة	\N	0.00	0	10	t	5	{}	\N	f	f	f	0.0	0	0	0	t	2026-01-02 10:46:44.577087+02	2026-01-02 10:46:44.61514+02	\N	69524204-0276-49b2-9321-45df6e005d1b	22
76a572ba-9b8d-4fbf-b6c3-2d001fde998c	Hooded-Puffer-Vest	Hooded Puffer Vest أو Men's Padded Gilet  فيست بمب كابتشو	Hooded Puffer Vest أو Men's Padded Gilet  فيست بمب كابتشو	Hooded-Puffer-Vest	فست بمب مستورد ريشي مقاس من ميديم ال 2 اكس لارج Hooded Puffer Vest أو Men's Padded Gilet  فيست بمب كابتشو\nالالوان المتاحة: 1- أزرق 2- أسود 3- رمادي	\N	900.00	10	11	t	5	{XXL,M,L,XL}	{أسود,أزرق,رمادي}	f	f	f	0.0	0	6	0	t	2026-01-06 03:19:41.682328+02	2026-01-06 03:19:41.682919+02	\N	89af969b-7fb0-47e4-a6fe-f8238b67b557	0
2a3c8cd2-4d92-4b9a-868f-4067e5cb14d9	SKU-43F21D5C	sweat track Foulard material	sweat track Foulard material	sweat-track-Foulard-material	منتج ترنج سوفت مستورد مبطن فولار مقاسات ٣ اكس \nمتاح باللون الاحمر والازرق البترولي	\N	1200.00	10	10	t	5	{XXXL}	{أزرق,رمادي,أخضر}	f	f	f	0.0	0	2	0	t	2026-01-02 10:46:44.865685+02	2026-01-02 10:46:44.891238+02	\N	6fe6dc43-c0f4-4ec5-b205-4f8d5d83fa47	14
f22870df-18d3-415e-9b6f-b32a0d3485e9	SKU-67A54DE7	جاكت بمب أسود من اديداس- مقاوم للمياه (Waterproof)	جاكت بمب أسود من اديداس- مقاوم للمياه (Waterproof)	blacksmartjacket-addidas	جاكت "بمب" أسود بخامة مستوردة عالية الجودة ومقاومة للمياه (Waterproof)، يجمع بين العزل الحراري الممتاز لتوفير الدفء والوزن الخفيف لضمان حرية الحركة. يتميز بتصميم رياضي أنيق (Sporty Style) مع تقفيل متين وعملي يناسب الاستخدام اليومي والأجواء الشتوية الممطرة، مما يجعله قطعة أساسية لا غنى عنها في خزانتك هذا الشتاء\nالخامة: وتر بروف (Waterproof) مستورد، طارد للمياه والأتربة.\n\nالتصميم: قصة مريحة بياقة متصلة (Hoodie) لحماية الرأس.\n\nالمقاسات: تلبيس مريح (Standard Fit) متوفر من L حتى 3XL.\n\nاللون: أسود ملكي ثابت لا يتغير مع الغسيل.	\N	950.00	10	5	t	5	{L,XL,XXL,XXXL}	{أسود}	f	f	f	0.0	0	7	0	t	2026-01-02 10:46:45.094277+02	2026-01-02 10:46:45.100488+02	\N	89af969b-7fb0-47e4-a6fe-f8238b67b557	7
c3df364b-8144-411d-bfef-ef4ed9df9d13	SKU-3C1EDA4B	سويت تشيرت sweat-shirt رياضي	سويت تشيرت sweat-shirt رياضي	sweatshirt-addidas	سويت تشيرت sweat-shirt رياضي سوفت مستورد مبطن فرو	\N	800.00	10	10	t	5	{M,L,XL,XXL}	{كحلي,بيج,أسود}	f	f	f	0.0	0	38	0	t	2026-01-02 10:46:45.397229+02	2026-01-02 10:46:45.41664+02	\N	ae412d80-b79c-4306-9637-e0047fcf1129	2
294fc289-b640-4b02-aa55-77e676561c46	SKU-350890FTA	Tracksuit ترنج سكوبا (غطس) شبابي	Tracksuit ترنج سكوبا (غطس) شبابي	track-suit-mahara	Tracksuit ترنج سكوبا (غطس) شبابي \n"ترنج خروج للمقاسات المحيرة! 👌 ترنج خامة سكوبا (غطس) فاخرة، ناعمة جداً ومريحة في اللبس، لا تتوبر ولا يتغير لونها.\nمقاس 14 و 16\nالوان:\nاسود في أبيض\nازرق فاتح\nازرق غامق	\N	700.00	10	10	t	5	{L,XL}	{أزرق,أسود}	f	f	f	0.0	0	3	0	t	2026-01-06 03:35:41.565149+02	2026-01-06 03:35:41.565174+02	\N	6fe6dc43-c0f4-4ec5-b205-4f8d5d83fa47	0
09399870-3d76-40cf-a620-c00a1859dc20	SKU-525A535E	ترنك سوفت من ريبوك sweat track from Reebok	ترنك سوفت من ريبوك sweat track from Reebok	sweat-track-reebok	ترنج سوفت مستورد نايلون مبطن هيدرو مقاسات لارج الي ٢ اكس	\N	1300.00	10	10	t	5	{}	{أزرق,أحمر}	f	f	f	0.0	0	1	0	t	2026-01-02 10:46:44.89572+02	2026-01-02 10:46:44.960562+02	\N	e6d5ebaa-10a8-47cc-93b8-c793381de6fb	13
de295d6c-6596-4197-b21f-99481f35ed3b	TRACK-HALF-ZIP-001	تراك نص سوستة (Sport sweatshirt)	تراك نص سوستة (Sport sweatshirt)	track-half-zipp	تراك "نص سوسته" بخامة رياضية عملية جداً، ملمسها طري مريح في اللبس وما بيحرّش، مناسب جداً للتمرين أو الخروجات السريعة. التقفيل والقصّة (Fit) مظبوطين عشان يديك شكل رياضي شيك ومرتب، متوفر بـ ٤ ألوان مميزة (الأسود، البترولي، الرصاصي، والمنت جرين) بتصميم عصري وخياطة متينة تستحمل الغسيل واللبس.	\N	530.00	10	18	t	5	{M,L,XL,XXL}	{أزرق,أبيض,أسود}	f	f	f	0.0	0	105	2	t	2026-01-02 11:15:01.093368+02	2026-01-02 11:15:27.83314+02	\N	ae412d80-b79c-4306-9637-e0047fcf1129	1
db2b3d1e-261f-43a4-9905-b0fb497d31f7	SKU-B67AEC61	جاكت بمب اسباني ريشي، ناعم الملمس	جاكت بمب اسباني ريشي، ناعم الملمس	spanish-smart-jacket	منتج جاكت بمب اسباني ريشي متوفر بالعديد من الألوان	\N	650.00	12	10	t	5	{M,L,XL}	{بيج,رمادي,أسود,أبيض}	f	f	f	0.0	0	6	0	t	2026-01-02 10:46:45.067132+02	2026-01-02 10:46:45.089993+02	\N	89af969b-7fb0-47e4-a6fe-f8238b67b557	8
5f7f1fad-29cd-4df7-852f-d3dc39790fce	sweat-track-fur-addi-2-sku	sweat track fur material ترنج فرو من اديداس	sweat track fur material ترنج فرو من اديداس	sweat-track-fur-addi-2	ترنج مبطن فرو مقاس M الي 2 اكس لارج  sweat track fur material  اديداس\nألوان: \n1-بيج رملي\n2-كحلي غامق\n3-أزرق غامق	\N	1500.00	15	10	t	5	{M,L,XL,XXL}	{أزرق,رمادي}	f	f	f	0.0	0	5	0	t	2026-01-06 03:24:34.156674+02	2026-01-06 03:24:34.156731+02	\N	6fe6dc43-c0f4-4ec5-b205-4f8d5d83fa47	0
aa333ebe-23ef-4489-a434-b215ff4837bf	sweatTrackAdidas	sweat track from Adidas	sweat track from Adidas	sweatTrackAdidasslug	sweat track from Adidas  أبيض في أزرق مقاس 2X	\N	780.00	10	10	t	5	{XXL}	{أبيض,أزرق}	f	f	f	0.0	0	0	0	t	2026-01-06 01:57:21.742985+02	2026-01-06 01:57:21.743103+02	\N	e6d5ebaa-10a8-47cc-93b8-c793381de6fb	0
fcf39070-736a-4fea-b1d9-c5e4018b89d7	SKU-83DE0B20	ترنج مبطن فولار بالوان مختلفة وجذابة من اديداس	ترنج مبطن فولار بالوان مختلفة وجذابة من اديداس	sweatsuit-adiddas	ترنج مبطن فولار بالوان مختلفة وجذابة من اديداس	\N	1150.00	12	10	t	5	{XXXL}	{رمادي,أسود,أحمر}	f	f	f	0.0	0	8	0	t	2026-01-02 10:46:45.047007+02	2026-01-02 10:46:45.063231+02	\N	6fe6dc43-c0f4-4ec5-b205-4f8d5d83fa47	9
0b2f67fc-6c8b-44ee-9129-4144d3d8e307	SKU-A03F0243	سويت شرت نايك ديفيجن	سويت شرت نايك ديفيجن	sweatshirt-nike-division	منتج سويت شرت سوفت مبطن فرو من نايك ديفيشن	\N	570.00	10	10	t	5	{M,L,XL}	{رمادي,أزرق,أسود,أحمر}	f	f	f	0.0	0	3	0	t	2026-01-02 10:46:45.105303+02	2026-01-02 10:46:45.13088+02	\N	ae412d80-b79c-4306-9637-e0047fcf1129	6
9c8d37da-abcf-46b5-bbcd-58c4bd3d88d2	SKU-E352B920	سويت شرت سوفت مستورد مبطن فرو	سويت شرت سوفت مستورد مبطن فرو	sweat-shirt-fru	واجه برد الشتاء بأقصى درجات الراحة مع هذا السويت شيرت المصنوع من خامة "سوفت" مستوردة عالية الجودة. يتميز هذا الموديل ببطانة داخلية كثيفة من الفرو الناعم (Fur-lined) تمنحك عزلاً حرارياً ممتازاً ودفئاً فورياً حتى في أكثر الأيام برودة. تصميم عملي وأنيق يجمع بين المظهر الجذاب والتدفئة العملية، مما يجعله قطعة أساسية لا غنى عنها في خزانتك الشتوية.	\N	550.00	10	10	t	5	{L,XL,XXL,XXXL}	{كحلي,أزرق,أسود,أخضر,أحمر}	f	f	f	0.0	0	9	0	t	2026-01-02 10:46:45.144916+02	2026-01-02 10:46:45.365044+02	\N	ae412d80-b79c-4306-9637-e0047fcf1129	4
611b67a4-e981-4cef-9979-3f73dfd55885	SKU-5ADC242C	سويت شرت سوفت مبطن فرو اسود من اديداس	سويت شرت سوفت مبطن فرو اسود من اديداس	sweat-shrit-fru-addidas	سويت شرت سوفت مستورد مبطن فرو	\N	750.00	10	10	t	5	{M,L,XL,XXL}	{أسود}	f	f	f	0.0	0	4	0	t	2026-01-02 10:46:45.134566+02	2026-01-02 10:46:45.141238+02	\N	ae412d80-b79c-4306-9637-e0047fcf1129	5
6fa28a8d-1641-4a73-8ae6-799fe575fb89	sweatTracksku	ترنج سوفت مبطن فولار Foulard material sweat track	ترنج سوفت مبطن فولار Foulard material sweat track	sweatTrack	ترنج سوفت مستورد مبطن فولار \nثلاثة الوان  اسود واخضر ورمادي	\N	1050.00	10	8	t	5	{XXXL}	{أخضر,أسود,رمادي}	f	f	f	0.0	0	1	0	t	2026-01-06 02:41:59.066985+02	2026-01-06 02:41:59.067024+02	\N	6fe6dc43-c0f4-4ec5-b205-4f8d5d83fa47	0
\.


--
-- Data for Name: store_productimage; Type: TABLE DATA; Schema: public; Owner: -
--

COPY public.store_productimage (id, image_url, alt_text_ar, display_order, is_primary, created_at, product_id) FROM stdin;
d503e71d-a6fe-4923-bbb9-aec34b863739	http://localhost:8000/media/products/52ae1b0f-4e33-4a97-b7c4-917943429054.jpg	\N	0	t	2026-01-06 02:24:45.491815+02	b518bcc0-f314-40c4-8e6f-622a8424d780
910b1d77-e159-4324-a11b-a412a3b80b2b	http://localhost:8000/media/products/8c91f6bb-9951-42d0-9581-45304ad9341d.jpg	\N	0	t	2026-01-04 23:17:07.113315+02	de295d6c-6596-4197-b21f-99481f35ed3b
877d0ecd-176e-4e17-9936-492e5ffc0fa0	http://localhost:8000/media/products/9e54ff43-12e6-405e-9518-875432f06f0b.jpg	\N	1	f	2026-01-06 02:24:45.497249+02	b518bcc0-f314-40c4-8e6f-622a8424d780
337480ef-a352-431a-9b1a-b309443c32f2	http://localhost:8000/media/products/89817aae-3d2b-4d7b-963b-a4d4a438ff85.jpg	\N	2	f	2026-01-06 02:24:45.499231+02	b518bcc0-f314-40c4-8e6f-622a8424d780
f7b3890a-4960-4c67-a499-6426f9f98278	http://localhost:8000/media/products/6be2b84f-d56f-449f-b69f-5ae56c12dbf1.jpg	\N	0	t	2026-01-05 16:42:03.802366+02	7289f5fd-e46b-4fc9-8e3d-ccbd92d667f3
90845cc9-8e2a-48de-a6ee-9b44938f7a03	http://localhost:8000/media/products/3c417422-4788-4ff4-85ce-6ef8e72f18b8.jpg	\N	1	f	2026-01-05 16:42:03.836371+02	7289f5fd-e46b-4fc9-8e3d-ccbd92d667f3
da16f113-1736-4852-8616-da8262c2fdda	http://localhost:8000/media/products/5312c6bc-fc7c-4894-9f80-7db1bd591aa6.png	\N	0	t	2026-01-05 16:48:39.474156+02	9c8d37da-abcf-46b5-bbcd-58c4bd3d88d2
750a0ecb-c05c-4012-8b5b-4a7df2e83324	http://localhost:8000/media/products/446a3982-c2b3-45a4-98eb-14e60695a2e4.png	\N	1	f	2026-01-05 16:48:39.478875+02	9c8d37da-abcf-46b5-bbcd-58c4bd3d88d2
13f5337d-5b53-4817-bfde-3b3887852e1b	http://localhost:8000/media/products/84f9a13f-a997-4df4-9d6a-654b51ff96a5.png	\N	2	f	2026-01-05 16:48:39.480544+02	9c8d37da-abcf-46b5-bbcd-58c4bd3d88d2
658790da-3e49-4a2d-b98b-1bc33edeb176	http://localhost:8000/media/products/53b78161-55e3-4111-959a-1a6cee540d12.png	\N	3	f	2026-01-05 16:48:39.482086+02	9c8d37da-abcf-46b5-bbcd-58c4bd3d88d2
fccf1309-d035-4f09-80e3-40bd3367b194	http://localhost:8000/media/products/399c83bc-1d73-4c4b-ad58-8152bdbed4d8.png	\N	4	f	2026-01-05 16:48:39.48413+02	9c8d37da-abcf-46b5-bbcd-58c4bd3d88d2
c5f3c391-e830-49cc-988e-5d682090d192	http://localhost:8000/media/products/501e18bd-126e-422b-8ea6-d07a1756548d.png	\N	5	f	2026-01-05 16:48:39.486047+02	9c8d37da-abcf-46b5-bbcd-58c4bd3d88d2
ee61221a-399e-4ee6-ac54-db3c354780b9	http://localhost:8000/media/products/50be9f60-1cf7-424c-a05f-1def84a1c313.png	\N	6	f	2026-01-05 16:48:39.48762+02	9c8d37da-abcf-46b5-bbcd-58c4bd3d88d2
08ba06c2-b223-4825-9663-e39eb943fb0f	http://localhost:8000/media/products/18ba6729-9433-4786-842b-9f91706d19dc.png	\N	7	f	2026-01-05 16:48:39.488446+02	9c8d37da-abcf-46b5-bbcd-58c4bd3d88d2
da9b6b9a-3ed6-432f-8ec5-dd2836cdb0b2	http://localhost:8000/media/products/b740b6b8-b15f-422d-8142-547c2321bd0a.jpg	\N	0	t	2026-01-05 16:54:16.891635+02	0b2f67fc-6c8b-44ee-9129-4144d3d8e307
9f58e5b9-9406-419f-8c19-64106f5c35a6	http://localhost:8000/media/products/9719b1f5-9fb3-402b-8361-9c629ecafcae.jpg	\N	1	f	2026-01-05 16:54:16.895984+02	0b2f67fc-6c8b-44ee-9129-4144d3d8e307
eeba512b-84d8-4a41-920c-d93c94256d65	http://localhost:8000/media/products/0c7e2e6e-c1ab-4036-8d52-5a7721678abe.jpg	\N	2	f	2026-01-05 16:54:16.89716+02	0b2f67fc-6c8b-44ee-9129-4144d3d8e307
563b6d8a-c37a-4083-9dd1-20e5a8253376	http://localhost:8000/media/products/c56b666c-3b62-49f0-8455-4da11a3cf694.jpg	\N	3	f	2026-01-05 16:54:16.898354+02	0b2f67fc-6c8b-44ee-9129-4144d3d8e307
8d107fc0-0c4f-42ea-96a2-7050e371add5	http://localhost:8000/media/products/22a0717c-1b34-426e-832a-bb178c828536.jpg	\N	3	f	2026-01-06 02:24:45.501309+02	b518bcc0-f314-40c4-8e6f-622a8424d780
a53e978a-43f2-4e25-96c8-b3dac7e939a5	http://localhost:8000/media/products/0645804a-c5bb-4c80-bd56-3598e451ab0a.jpg	\N	0	t	2026-01-06 02:25:13.66401+02	fcf39070-736a-4fea-b1d9-c5e4018b89d7
a6e0eb1d-19c8-4ab4-a72e-90f6bdc006a0	http://localhost:8000/media/products/12b59dad-22fe-45bd-80ec-da81470277c4.jpg	\N	1	f	2026-01-06 02:25:13.667773+02	fcf39070-736a-4fea-b1d9-c5e4018b89d7
ab573c39-d869-446d-986a-aee21686466f	/media/products/92573c24-63a3-4183-b78d-1ff97226cf7b.jpg	\N	0	t	2026-01-02 10:46:44.611312+02	2544aaef-9b1d-4ce3-93c0-08469ec72c94
5547d8e4-dd85-4fbc-8a44-03d1679835e5	/media/products/0b3e3986-736c-4b74-8711-a7d7fb9d8240.jpg	\N	0	t	2026-01-02 10:46:44.631487+02	067fcb2b-b33d-4c52-abea-1fd2f0159200
c77806a7-bb6a-4c13-9e2d-b8c51af24a64	/media/products/12af1205-630e-43f2-9d9e-3155f9e08cea.png	\N	1	f	2026-01-02 10:46:44.65657+02	067fcb2b-b33d-4c52-abea-1fd2f0159200
37eb8753-199c-4016-98cf-99ec6f23aa1c	/media/products/df6cf073-1929-4eae-8dee-5ac2cdce5271.png	\N	2	f	2026-01-02 10:46:44.681356+02	067fcb2b-b33d-4c52-abea-1fd2f0159200
b76934fb-f742-4598-81c8-fb269f8bdb46	/media/products/9208368e-6bb9-4b47-8772-1d27a0bad0d7.png	\N	3	f	2026-01-02 10:46:44.704598+02	067fcb2b-b33d-4c52-abea-1fd2f0159200
4141f73a-d487-4089-8660-f8f5c8d96133	/media/products/d1ad7eef-e04a-442d-ae0e-693aff0433d7.png	\N	4	f	2026-01-02 10:46:44.727212+02	067fcb2b-b33d-4c52-abea-1fd2f0159200
9931bdd6-8514-45bb-b5d6-53cca31ef448	http://localhost:8000/media/products/4984239e-6a17-4818-9065-dc3ac2ccad92.jpg	\N	0	t	2026-01-06 01:45:24.867099+02	ae35ccbd-1152-46b4-982e-da49490f1755
921b309a-6237-451f-86f6-733d26700234	http://localhost:8000/media/products/89375cc0-cc92-43ef-af2d-67f2b5a4ce29.jpg	\N	0	t	2026-01-06 02:03:03.809896+02	c59d149f-c44f-4b55-838c-1397d52222e0
36c442d8-21fb-4a52-a65e-29f55c40d566	http://localhost:8000/media/products/126b7352-acac-4e33-ad5e-3b1368580596.jpg	\N	1	f	2026-01-06 02:03:03.843111+02	c59d149f-c44f-4b55-838c-1397d52222e0
9063c743-81c4-42ff-b078-f2c349001775	http://localhost:8000/media/products/19838101-ce4e-4c8c-8dc3-4f722b89c762.jpg	\N	2	f	2026-01-06 02:03:03.846497+02	c59d149f-c44f-4b55-838c-1397d52222e0
6140da13-82d5-4809-a9b9-04680add3a8f	http://localhost:8000/media/products/26c07072-fd9d-4f4f-b6d3-c1dd9d7f7916.jpg	\N	0	t	2026-01-06 02:10:21.740628+02	2a3c8cd2-4d92-4b9a-868f-4067e5cb14d9
c26bd41f-db23-4d2d-817f-4e2292fe61cd	http://localhost:8000/media/products/9f813f24-34ee-42c7-9598-ce418728ae09.jpg	\N	2	f	2026-01-06 02:25:13.669239+02	fcf39070-736a-4fea-b1d9-c5e4018b89d7
cb12de5c-72f1-4ac3-8f4e-c9d5678f51c0	http://localhost:8000/media/products/cc3577cc-bb46-4268-a876-9c0597726153.jpg	\N	0	t	2026-01-06 02:45:15.784002+02	8967f323-0bfc-43d2-972c-3d7f721c78b7
b51f6c92-6387-4840-aa4e-10fa54849491	http://localhost:8000/media/products/c3abf34e-1f3b-459b-be38-5de329af7dcb.jpg	\N	1	f	2026-01-06 02:10:21.746773+02	2a3c8cd2-4d92-4b9a-868f-4067e5cb14d9
75c27c38-53d4-4564-b905-1bc4d8a95308	http://localhost:8000/media/products/adad9bc4-451a-4830-8ef8-547defdf498f.jpg	\N	2	f	2026-01-06 02:10:21.752979+02	2a3c8cd2-4d92-4b9a-868f-4067e5cb14d9
65417f87-ff7c-4ed9-b7f7-de914b3704f8	http://localhost:8000/media/products/cfb767dc-987a-44ba-9937-11589893feb3.jpg	\N	3	f	2026-01-06 02:10:21.754721+02	2a3c8cd2-4d92-4b9a-868f-4067e5cb14d9
4e8cf992-38fe-4c41-b5fc-a03d5d57f646	http://localhost:8000/media/products/171adbf3-e45f-4876-8323-2176cfa889e7.jpg	\N	0	t	2026-01-06 03:35:51.301907+02	294fc289-b640-4b02-aa55-77e676561c46
81321ca5-fc8a-4bac-a904-7a0fa19c257b	http://localhost:8000/media/products/b50503b6-27fe-4721-ab55-55ec14fc12b6.jpg	\N	1	f	2026-01-06 03:35:51.304436+02	294fc289-b640-4b02-aa55-77e676561c46
b0420c24-8a21-449b-a767-36f0a3e9ea04	http://localhost:8000/media/products/3bca52fa-fced-462a-898d-030067d22d42.jpg	\N	2	f	2026-01-06 03:35:51.305938+02	294fc289-b640-4b02-aa55-77e676561c46
00c87c8c-a3f0-4bd2-8a2a-70e285fe9cfa	http://localhost:8000/media/products/48ddb576-3941-48e8-ad67-7fccac00311e.jpg	\N	0	t	2026-01-06 03:57:47.899111+02	0ebb4dd7-fb2e-4e9a-8693-d2d294aed5a7
5868e40e-195c-4c6b-acac-1558e8fd5dcd	http://localhost:8000/media/products/150f47e7-0ebf-4f4a-aac8-06e47abd992d.jpg	\N	1	f	2026-01-06 03:57:47.913566+02	0ebb4dd7-fb2e-4e9a-8693-d2d294aed5a7
f218834b-4a53-4585-addf-6dc7f8e6af7a	http://localhost:8000/media/products/7ebaf4ee-2c9a-4d96-a071-c221b190c1fd.jpg	\N	0	t	2026-01-06 04:01:38.97895+02	5f7f1fad-29cd-4df7-852f-d3dc39790fce
e7113b82-ef92-4dcd-afab-66dec91a63dd	http://localhost:8000/media/products/18af355e-29b3-4888-b060-5292e91cf137.jpg	\N	1	f	2026-01-06 04:01:38.99582+02	5f7f1fad-29cd-4df7-852f-d3dc39790fce
21335f1e-ca87-4c05-990e-07eedb110841	http://localhost:8000/media/products/ece77267-30c5-43ca-bc1f-6ffd7db33c78.jpg	\N	2	f	2026-01-06 04:01:38.997584+02	5f7f1fad-29cd-4df7-852f-d3dc39790fce
1cf18c22-cc83-4b99-99b9-a1d555385dd2	http://localhost:8000/media/products/02eb03e0-836b-457b-865c-484ab7a56217.jpg	\N	0	t	2026-01-06 02:18:52.635027+02	a24145be-6bb2-43c6-b8b2-7a5ff68cf072
46b2b484-f58d-4dc9-a418-4977bc62185d	http://localhost:8000/media/products/61d58012-e4b3-4840-a7c1-f7d50427fb9f.jpg	\N	0	t	2026-01-06 02:25:01.723712+02	f9b5fc88-4b3d-4a3d-9235-2ca3a9e29aed
e553bf3e-e3f7-4f91-8676-50ce6860cd39	http://localhost:8000/media/products/88d557ab-9662-4638-bd76-c57cea3ba1e7.jpg	\N	1	f	2026-01-06 02:25:01.728721+02	f9b5fc88-4b3d-4a3d-9235-2ca3a9e29aed
ddfb8193-5430-4895-a0aa-133a60c51f6b	http://localhost:8000/media/products/818aa3b6-54fc-4e56-baf1-7c96cea27e34.jpg	\N	2	f	2026-01-06 02:25:01.730654+02	f9b5fc88-4b3d-4a3d-9235-2ca3a9e29aed
3ec1126c-b1b6-452c-b5ae-bbf847cc29f5	http://localhost:8000/media/products/542ec601-01f1-4d15-b7f6-b0c5008a95b8.jpg	\N	3	f	2026-01-06 02:25:01.732314+02	f9b5fc88-4b3d-4a3d-9235-2ca3a9e29aed
e8b09cd4-7de4-4721-9050-a9e74db1c5e9	http://localhost:8000/media/products/7e7c4ce1-fcce-4c87-a015-20407fef1d85.jpg	\N	0	t	2026-01-06 02:28:13.200317+02	1e5d1e6b-3595-4f9a-a79a-4a7150a73b8c
0ded20cf-297f-4122-98e9-ef6d55f3c91c	http://localhost:8000/media/products/81304777-70cb-4f56-a9c6-d121e7e0e547.jpg	\N	1	f	2026-01-06 02:28:13.205525+02	1e5d1e6b-3595-4f9a-a79a-4a7150a73b8c
e27417b1-485d-48d9-b10a-5db28a2fe4e4	http://localhost:8000/media/products/e3087347-6742-460e-bb61-1ec672d6fc98.jpg	\N	0	t	2026-01-06 02:42:13.421673+02	6fa28a8d-1641-4a73-8ae6-799fe575fb89
643beba6-18a1-4219-973b-e4f806f101ff	http://localhost:8000/media/products/8ee7c6ba-3be1-47f0-95ae-bbf390f0f65d.png	\N	0	t	2026-01-06 03:20:18.008345+02	76a572ba-9b8d-4fbf-b6c3-2d001fde998c
bd3911fd-9f7f-44ab-836b-a41498c5e6c8	http://localhost:8000/media/products/bc9cdc2b-c3b5-4557-8f4f-319fb60f6191.jpg	\N	1	f	2026-01-06 03:20:18.01045+02	76a572ba-9b8d-4fbf-b6c3-2d001fde998c
7e284c9a-5c9d-4b7d-a9cb-7848216e649b	http://localhost:8000/media/products/79ca1024-4b89-4a0e-b605-7c3b121449c6.jpg	\N	2	f	2026-01-06 03:20:18.011499+02	76a572ba-9b8d-4fbf-b6c3-2d001fde998c
3eab72c4-75c1-4454-83e3-47979403d879	http://localhost:8000/media/products/2366efd2-5164-4559-9fc1-b5cdcc28d773.jpg	\N	0	t	2026-01-06 03:45:52.440087+02	db2b3d1e-261f-43a4-9905-b0fb497d31f7
c6c1f8b8-495a-4cef-942b-8bc133658bbf	http://localhost:8000/media/products/bfe26f5f-cd04-4f18-9329-5607b78120ea.jpg	\N	1	f	2026-01-06 03:45:52.452571+02	db2b3d1e-261f-43a4-9905-b0fb497d31f7
bafe7c30-6fe4-44e9-9032-898b4f45300f	http://localhost:8000/media/products/c0a627a2-d2b6-4882-85e2-23d89d6e9d7b.jpg	\N	2	f	2026-01-06 03:45:52.453766+02	db2b3d1e-261f-43a4-9905-b0fb497d31f7
176b2549-73e3-498f-804e-f4eb11c70f00	http://localhost:8000/media/products/2ea3e535-8f2f-47b8-aa57-9c6ce1b073b7.jpg	\N	3	f	2026-01-06 03:45:52.454965+02	db2b3d1e-261f-43a4-9905-b0fb497d31f7
666f5fe6-68cc-4997-a7c2-b17de9ce96fa	http://localhost:8000/media/products/723617b6-1e1b-4017-b984-827493ba0c1a.jpg	\N	0	t	2026-01-05 16:34:41.146087+02	c3df364b-8144-411d-bfef-ef4ed9df9d13
c528fc91-ef25-4690-a0ff-6d7ac3beee31	http://localhost:8000/media/products/809f465d-1fd1-41a3-a108-f66f9d33be64.jpg	\N	1	f	2026-01-05 16:34:41.15224+02	c3df364b-8144-411d-bfef-ef4ed9df9d13
fa517ece-ade8-4a45-8f28-e99a9ae6f4f0	http://localhost:8000/media/products/dc285174-a296-4c71-8299-0d6df794b03f.jpg	\N	0	t	2026-01-06 04:02:36.534536+02	64f7f85a-aa4a-4578-8325-188c213accdc
375a73a5-48af-417e-8a17-0bb22df514a5	http://localhost:8000/media/products/34886175-ed62-4de6-acab-797f659aa469.jpg	\N	0	t	2026-01-05 16:50:39.631556+02	611b67a4-e981-4cef-9979-3f73dfd55885
2ce4f8dd-da92-4827-a745-7b27dc4b8951	http://localhost:8000/media/products/03495afb-e9e0-42eb-9759-11c6a40b94ee.jpg	\N	0	t	2026-01-05 16:58:22.579744+02	f22870df-18d3-415e-9b6f-b32a0d3485e9
26e69e60-c4a3-4b4d-8328-8ae85e77a2ca	http://localhost:8000/media/products/38c5e33e-f177-4744-a829-236f2ff14b1c.jpg	\N	0	t	2026-01-02 22:38:44.339766+02	9875bacf-3e50-46f2-8d1f-3cfec6e9e93b
32899ce6-5b8c-4e8a-8c87-4da93683a422	http://localhost:8000/media/products/ae88bca0-73b2-45a0-81df-e966c6469729.jpg	\N	1	f	2026-01-02 22:38:44.350059+02	9875bacf-3e50-46f2-8d1f-3cfec6e9e93b
32dda86f-fd40-411f-82fb-fa5b1aca2307	http://localhost:8000/media/products/9ad4ee93-3ee2-4500-93bc-56973c72b0c5.jpg	\N	2	f	2026-01-02 22:38:44.352115+02	9875bacf-3e50-46f2-8d1f-3cfec6e9e93b
4050fe19-3b78-4280-b3a5-4210726c4c17	http://localhost:8000/media/products/2c726e08-dcc3-4975-b6bb-bc752c3013c3.jpg	\N	3	f	2026-01-02 22:38:44.353868+02	9875bacf-3e50-46f2-8d1f-3cfec6e9e93b
a5ae948d-5cf4-4a1d-b875-3cf95460540f	http://localhost:8000/media/products/26d5d56c-0e8d-4b4c-8000-c3c8a1bebedf.jpg	\N	0	t	2026-01-05 23:30:21.237531+02	33dd3cd0-8831-4eab-8c8d-05489fe4efa4
847468d8-4c6a-4a28-b1e2-8d3d4c3344e9	http://localhost:8000/media/products/46bbb594-3883-443d-9b52-bb7905abe8fd.jpg	\N	1	f	2026-01-05 23:30:21.264187+02	33dd3cd0-8831-4eab-8c8d-05489fe4efa4
4f64b0d0-c2fe-4953-90c5-cb412a5f8bc4	http://localhost:8000/media/products/01d954e4-5831-4a72-a4d8-016ce9777abf.jpg	\N	2	f	2026-01-05 23:30:21.26589+02	33dd3cd0-8831-4eab-8c8d-05489fe4efa4
9a64cd98-fc1c-487a-9537-3b634ab775b8	http://localhost:8000/media/products/362d8d1c-fa8a-4ead-a78b-51edfe1dac3d.jpg	\N	0	t	2026-01-06 01:57:22.251696+02	aa333ebe-23ef-4489-a434-b215ff4837bf
71a68e1d-fbfa-430c-9b77-1b5bcc71f841	http://localhost:8000/media/products/461e7d6f-d50b-4a6b-8898-22accff9d10f.png	\N	0	t	2026-01-06 02:07:24.108045+02	09399870-3d76-40cf-a620-c00a1859dc20
67de184a-26c3-4f50-9b6d-ca4131e2f4b0	http://localhost:8000/media/products/247500b5-7857-4140-a796-47444402f100.png	\N	1	f	2026-01-06 02:07:24.114128+02	09399870-3d76-40cf-a620-c00a1859dc20
8e5a281a-b5f1-4e4c-93ec-23e2d2db1963	http://localhost:8000/media/products/561caa71-7ce8-4737-b1c4-ee51d249465d.png	\N	2	f	2026-01-06 02:07:24.116987+02	09399870-3d76-40cf-a620-c00a1859dc20
53a57b54-f171-4474-b6ae-4d7f83fcdfca	http://localhost:8000/media/products/3e19449b-00b9-43c5-b890-5cbf7e88b093.png	\N	0	t	2026-01-02 23:53:20.20855+02	ef5784f7-b29f-4d76-8347-d50e294548f2
79b24cfb-a371-4b44-b610-ac14f0cf9084	http://localhost:8000/media/products/ff2c0fdc-222a-4110-a21e-315c8b709b98.png	\N	1	f	2026-01-02 23:53:20.212486+02	ef5784f7-b29f-4d76-8347-d50e294548f2
4a257388-a97a-4cbf-aea9-3e24ccda3452	http://localhost:8000/media/products/67d8a4bf-507c-4306-8b04-4286ddd25528.png	\N	2	f	2026-01-02 23:53:20.213627+02	ef5784f7-b29f-4d76-8347-d50e294548f2
223889bc-1975-4df0-bc9a-f69b3b669281	http://localhost:8000/media/products/12cb1a1c-65bb-4569-931f-bb289874f3f2.png	\N	3	f	2026-01-02 23:53:20.214563+02	ef5784f7-b29f-4d76-8347-d50e294548f2
\.


--
-- Data for Name: store_review; Type: TABLE DATA; Schema: public; Owner: -
--

COPY public.store_review (id, reviewer_name, reviewer_phone, rating, title_ar, comment_ar, is_approved, is_verified_purchase, helpful_count, created_at, updated_at, order_id, product_id) FROM stdin;
\.


--
-- Data for Name: store_shippingzone; Type: TABLE DATA; Schema: public; Owner: -
--

COPY public.store_shippingzone (id, governorate, shipping_cost, estimated_days, is_active, created_at) FROM stdin;
\.


--
-- Data for Name: store_sitesetting; Type: TABLE DATA; Schema: public; Owner: -
--

COPY public.store_sitesetting (id, key, value, description, updated_at) FROM stdin;
\.


--
-- Name: auth_group_id_seq; Type: SEQUENCE SET; Schema: public; Owner: -
--

SELECT pg_catalog.setval('public.auth_group_id_seq', 1, false);


--
-- Name: auth_group_permissions_id_seq; Type: SEQUENCE SET; Schema: public; Owner: -
--

SELECT pg_catalog.setval('public.auth_group_permissions_id_seq', 1, false);


--
-- Name: auth_permission_id_seq; Type: SEQUENCE SET; Schema: public; Owner: -
--

SELECT pg_catalog.setval('public.auth_permission_id_seq', 84, true);


--
-- Name: django_admin_log_id_seq; Type: SEQUENCE SET; Schema: public; Owner: -
--

SELECT pg_catalog.setval('public.django_admin_log_id_seq', 1, false);


--
-- Name: django_content_type_id_seq; Type: SEQUENCE SET; Schema: public; Owner: -
--

SELECT pg_catalog.setval('public.django_content_type_id_seq', 21, true);


--
-- Name: django_migrations_id_seq; Type: SEQUENCE SET; Schema: public; Owner: -
--

SELECT pg_catalog.setval('public.django_migrations_id_seq', 27, true);


--
-- Name: store_adminuser_groups_id_seq; Type: SEQUENCE SET; Schema: public; Owner: -
--

SELECT pg_catalog.setval('public.store_adminuser_groups_id_seq', 1, false);


--
-- Name: store_adminuser_user_permissions_id_seq; Type: SEQUENCE SET; Schema: public; Owner: -
--

SELECT pg_catalog.setval('public.store_adminuser_user_permissions_id_seq', 1, false);


--
-- Name: store_coupon_products_id_seq; Type: SEQUENCE SET; Schema: public; Owner: -
--

SELECT pg_catalog.setval('public.store_coupon_products_id_seq', 26, true);


--
-- Name: auth_group auth_group_name_key; Type: CONSTRAINT; Schema: public; Owner: -
--

ALTER TABLE ONLY public.auth_group
    ADD CONSTRAINT auth_group_name_key UNIQUE (name);


--
-- Name: auth_group_permissions auth_group_permissions_group_id_permission_id_0cd325b0_uniq; Type: CONSTRAINT; Schema: public; Owner: -
--

ALTER TABLE ONLY public.auth_group_permissions
    ADD CONSTRAINT auth_group_permissions_group_id_permission_id_0cd325b0_uniq UNIQUE (group_id, permission_id);


--
-- Name: auth_group_permissions auth_group_permissions_pkey; Type: CONSTRAINT; Schema: public; Owner: -
--

ALTER TABLE ONLY public.auth_group_permissions
    ADD CONSTRAINT auth_group_permissions_pkey PRIMARY KEY (id);


--
-- Name: auth_group auth_group_pkey; Type: CONSTRAINT; Schema: public; Owner: -
--

ALTER TABLE ONLY public.auth_group
    ADD CONSTRAINT auth_group_pkey PRIMARY KEY (id);


--
-- Name: auth_permission auth_permission_content_type_id_codename_01ab375a_uniq; Type: CONSTRAINT; Schema: public; Owner: -
--

ALTER TABLE ONLY public.auth_permission
    ADD CONSTRAINT auth_permission_content_type_id_codename_01ab375a_uniq UNIQUE (content_type_id, codename);


--
-- Name: auth_permission auth_permission_pkey; Type: CONSTRAINT; Schema: public; Owner: -
--

ALTER TABLE ONLY public.auth_permission
    ADD CONSTRAINT auth_permission_pkey PRIMARY KEY (id);


--
-- Name: authtoken_token authtoken_token_pkey; Type: CONSTRAINT; Schema: public; Owner: -
--

ALTER TABLE ONLY public.authtoken_token
    ADD CONSTRAINT authtoken_token_pkey PRIMARY KEY (key);


--
-- Name: authtoken_token authtoken_token_user_id_key; Type: CONSTRAINT; Schema: public; Owner: -
--

ALTER TABLE ONLY public.authtoken_token
    ADD CONSTRAINT authtoken_token_user_id_key UNIQUE (user_id);


--
-- Name: django_admin_log django_admin_log_pkey; Type: CONSTRAINT; Schema: public; Owner: -
--

ALTER TABLE ONLY public.django_admin_log
    ADD CONSTRAINT django_admin_log_pkey PRIMARY KEY (id);


--
-- Name: django_content_type django_content_type_app_label_model_76bd3d3b_uniq; Type: CONSTRAINT; Schema: public; Owner: -
--

ALTER TABLE ONLY public.django_content_type
    ADD CONSTRAINT django_content_type_app_label_model_76bd3d3b_uniq UNIQUE (app_label, model);


--
-- Name: django_content_type django_content_type_pkey; Type: CONSTRAINT; Schema: public; Owner: -
--

ALTER TABLE ONLY public.django_content_type
    ADD CONSTRAINT django_content_type_pkey PRIMARY KEY (id);


--
-- Name: django_migrations django_migrations_pkey; Type: CONSTRAINT; Schema: public; Owner: -
--

ALTER TABLE ONLY public.django_migrations
    ADD CONSTRAINT django_migrations_pkey PRIMARY KEY (id);


--
-- Name: django_session django_session_pkey; Type: CONSTRAINT; Schema: public; Owner: -
--

ALTER TABLE ONLY public.django_session
    ADD CONSTRAINT django_session_pkey PRIMARY KEY (session_key);


--
-- Name: store_adminuser_groups store_adminuser_groups_adminuser_id_group_id_e618176a_uniq; Type: CONSTRAINT; Schema: public; Owner: -
--

ALTER TABLE ONLY public.store_adminuser_groups
    ADD CONSTRAINT store_adminuser_groups_adminuser_id_group_id_e618176a_uniq UNIQUE (adminuser_id, group_id);


--
-- Name: store_adminuser_groups store_adminuser_groups_pkey; Type: CONSTRAINT; Schema: public; Owner: -
--

ALTER TABLE ONLY public.store_adminuser_groups
    ADD CONSTRAINT store_adminuser_groups_pkey PRIMARY KEY (id);


--
-- Name: store_adminuser store_adminuser_pkey; Type: CONSTRAINT; Schema: public; Owner: -
--

ALTER TABLE ONLY public.store_adminuser
    ADD CONSTRAINT store_adminuser_pkey PRIMARY KEY (id);


--
-- Name: store_adminuser_user_permissions store_adminuser_user_per_adminuser_id_permission__6d14facd_uniq; Type: CONSTRAINT; Schema: public; Owner: -
--

ALTER TABLE ONLY public.store_adminuser_user_permissions
    ADD CONSTRAINT store_adminuser_user_per_adminuser_id_permission__6d14facd_uniq UNIQUE (adminuser_id, permission_id);


--
-- Name: store_adminuser_user_permissions store_adminuser_user_permissions_pkey; Type: CONSTRAINT; Schema: public; Owner: -
--

ALTER TABLE ONLY public.store_adminuser_user_permissions
    ADD CONSTRAINT store_adminuser_user_permissions_pkey PRIMARY KEY (id);


--
-- Name: store_adminuser store_adminuser_username_key; Type: CONSTRAINT; Schema: public; Owner: -
--

ALTER TABLE ONLY public.store_adminuser
    ADD CONSTRAINT store_adminuser_username_key UNIQUE (username);


--
-- Name: store_banner store_banner_pkey; Type: CONSTRAINT; Schema: public; Owner: -
--

ALTER TABLE ONLY public.store_banner
    ADD CONSTRAINT store_banner_pkey PRIMARY KEY (id);


--
-- Name: store_brand store_brand_pkey; Type: CONSTRAINT; Schema: public; Owner: -
--

ALTER TABLE ONLY public.store_brand
    ADD CONSTRAINT store_brand_pkey PRIMARY KEY (id);


--
-- Name: store_category store_category_pkey; Type: CONSTRAINT; Schema: public; Owner: -
--

ALTER TABLE ONLY public.store_category
    ADD CONSTRAINT store_category_pkey PRIMARY KEY (id);


--
-- Name: store_category store_category_slug_key; Type: CONSTRAINT; Schema: public; Owner: -
--

ALTER TABLE ONLY public.store_category
    ADD CONSTRAINT store_category_slug_key UNIQUE (slug);


--
-- Name: store_coupon store_coupon_code_key; Type: CONSTRAINT; Schema: public; Owner: -
--

ALTER TABLE ONLY public.store_coupon
    ADD CONSTRAINT store_coupon_code_key UNIQUE (code);


--
-- Name: store_coupon store_coupon_pkey; Type: CONSTRAINT; Schema: public; Owner: -
--

ALTER TABLE ONLY public.store_coupon
    ADD CONSTRAINT store_coupon_pkey PRIMARY KEY (id);


--
-- Name: store_coupon_products store_coupon_products_coupon_id_product_id_d2cee9e5_uniq; Type: CONSTRAINT; Schema: public; Owner: -
--

ALTER TABLE ONLY public.store_coupon_products
    ADD CONSTRAINT store_coupon_products_coupon_id_product_id_d2cee9e5_uniq UNIQUE (coupon_id, product_id);


--
-- Name: store_coupon_products store_coupon_products_pkey; Type: CONSTRAINT; Schema: public; Owner: -
--

ALTER TABLE ONLY public.store_coupon_products
    ADD CONSTRAINT store_coupon_products_pkey PRIMARY KEY (id);


--
-- Name: store_discountcode store_discountcode_code_key; Type: CONSTRAINT; Schema: public; Owner: -
--

ALTER TABLE ONLY public.store_discountcode
    ADD CONSTRAINT store_discountcode_code_key UNIQUE (code);


--
-- Name: store_discountcode store_discountcode_pkey; Type: CONSTRAINT; Schema: public; Owner: -
--

ALTER TABLE ONLY public.store_discountcode
    ADD CONSTRAINT store_discountcode_pkey PRIMARY KEY (id);


--
-- Name: store_order store_order_order_number_key; Type: CONSTRAINT; Schema: public; Owner: -
--

ALTER TABLE ONLY public.store_order
    ADD CONSTRAINT store_order_order_number_key UNIQUE (order_number);


--
-- Name: store_order store_order_pkey; Type: CONSTRAINT; Schema: public; Owner: -
--

ALTER TABLE ONLY public.store_order
    ADD CONSTRAINT store_order_pkey PRIMARY KEY (id);


--
-- Name: store_orderitem store_orderitem_pkey; Type: CONSTRAINT; Schema: public; Owner: -
--

ALTER TABLE ONLY public.store_orderitem
    ADD CONSTRAINT store_orderitem_pkey PRIMARY KEY (id);


--
-- Name: store_orderstatushistory store_orderstatushistory_pkey; Type: CONSTRAINT; Schema: public; Owner: -
--

ALTER TABLE ONLY public.store_orderstatushistory
    ADD CONSTRAINT store_orderstatushistory_pkey PRIMARY KEY (id);


--
-- Name: store_product store_product_pkey; Type: CONSTRAINT; Schema: public; Owner: -
--

ALTER TABLE ONLY public.store_product
    ADD CONSTRAINT store_product_pkey PRIMARY KEY (id);


--
-- Name: store_product store_product_sku_key; Type: CONSTRAINT; Schema: public; Owner: -
--

ALTER TABLE ONLY public.store_product
    ADD CONSTRAINT store_product_sku_key UNIQUE (sku);


--
-- Name: store_product store_product_slug_key; Type: CONSTRAINT; Schema: public; Owner: -
--

ALTER TABLE ONLY public.store_product
    ADD CONSTRAINT store_product_slug_key UNIQUE (slug);


--
-- Name: store_productimage store_productimage_pkey; Type: CONSTRAINT; Schema: public; Owner: -
--

ALTER TABLE ONLY public.store_productimage
    ADD CONSTRAINT store_productimage_pkey PRIMARY KEY (id);


--
-- Name: store_review store_review_pkey; Type: CONSTRAINT; Schema: public; Owner: -
--

ALTER TABLE ONLY public.store_review
    ADD CONSTRAINT store_review_pkey PRIMARY KEY (id);


--
-- Name: store_shippingzone store_shippingzone_governorate_key; Type: CONSTRAINT; Schema: public; Owner: -
--

ALTER TABLE ONLY public.store_shippingzone
    ADD CONSTRAINT store_shippingzone_governorate_key UNIQUE (governorate);


--
-- Name: store_shippingzone store_shippingzone_pkey; Type: CONSTRAINT; Schema: public; Owner: -
--

ALTER TABLE ONLY public.store_shippingzone
    ADD CONSTRAINT store_shippingzone_pkey PRIMARY KEY (id);


--
-- Name: store_sitesetting store_sitesetting_key_key; Type: CONSTRAINT; Schema: public; Owner: -
--

ALTER TABLE ONLY public.store_sitesetting
    ADD CONSTRAINT store_sitesetting_key_key UNIQUE (key);


--
-- Name: store_sitesetting store_sitesetting_pkey; Type: CONSTRAINT; Schema: public; Owner: -
--

ALTER TABLE ONLY public.store_sitesetting
    ADD CONSTRAINT store_sitesetting_pkey PRIMARY KEY (id);


--
-- Name: auth_group_name_a6ea08ec_like; Type: INDEX; Schema: public; Owner: -
--

CREATE INDEX auth_group_name_a6ea08ec_like ON public.auth_group USING btree (name varchar_pattern_ops);


--
-- Name: auth_group_permissions_group_id_b120cbf9; Type: INDEX; Schema: public; Owner: -
--

CREATE INDEX auth_group_permissions_group_id_b120cbf9 ON public.auth_group_permissions USING btree (group_id);


--
-- Name: auth_group_permissions_permission_id_84c5c92e; Type: INDEX; Schema: public; Owner: -
--

CREATE INDEX auth_group_permissions_permission_id_84c5c92e ON public.auth_group_permissions USING btree (permission_id);


--
-- Name: auth_permission_content_type_id_2f476e4b; Type: INDEX; Schema: public; Owner: -
--

CREATE INDEX auth_permission_content_type_id_2f476e4b ON public.auth_permission USING btree (content_type_id);


--
-- Name: authtoken_token_key_10f0b77e_like; Type: INDEX; Schema: public; Owner: -
--

CREATE INDEX authtoken_token_key_10f0b77e_like ON public.authtoken_token USING btree (key varchar_pattern_ops);


--
-- Name: django_admin_log_content_type_id_c4bce8eb; Type: INDEX; Schema: public; Owner: -
--

CREATE INDEX django_admin_log_content_type_id_c4bce8eb ON public.django_admin_log USING btree (content_type_id);


--
-- Name: django_admin_log_user_id_c564eba6; Type: INDEX; Schema: public; Owner: -
--

CREATE INDEX django_admin_log_user_id_c564eba6 ON public.django_admin_log USING btree (user_id);


--
-- Name: django_session_expire_date_a5c62663; Type: INDEX; Schema: public; Owner: -
--

CREATE INDEX django_session_expire_date_a5c62663 ON public.django_session USING btree (expire_date);


--
-- Name: django_session_session_key_c0390e0f_like; Type: INDEX; Schema: public; Owner: -
--

CREATE INDEX django_session_session_key_c0390e0f_like ON public.django_session USING btree (session_key varchar_pattern_ops);


--
-- Name: store_admin_email_7fb6c2_idx; Type: INDEX; Schema: public; Owner: -
--

CREATE INDEX store_admin_email_7fb6c2_idx ON public.store_adminuser USING btree (email);


--
-- Name: store_admin_is_acti_f006bf_idx; Type: INDEX; Schema: public; Owner: -
--

CREATE INDEX store_admin_is_acti_f006bf_idx ON public.store_adminuser USING btree (is_active);


--
-- Name: store_admin_usernam_bbb786_idx; Type: INDEX; Schema: public; Owner: -
--

CREATE INDEX store_admin_usernam_bbb786_idx ON public.store_adminuser USING btree (username);


--
-- Name: store_adminuser_groups_adminuser_id_f1d3fae4; Type: INDEX; Schema: public; Owner: -
--

CREATE INDEX store_adminuser_groups_adminuser_id_f1d3fae4 ON public.store_adminuser_groups USING btree (adminuser_id);


--
-- Name: store_adminuser_groups_group_id_4df1b688; Type: INDEX; Schema: public; Owner: -
--

CREATE INDEX store_adminuser_groups_group_id_4df1b688 ON public.store_adminuser_groups USING btree (group_id);


--
-- Name: store_adminuser_user_permissions_adminuser_id_adbda3da; Type: INDEX; Schema: public; Owner: -
--

CREATE INDEX store_adminuser_user_permissions_adminuser_id_adbda3da ON public.store_adminuser_user_permissions USING btree (adminuser_id);


--
-- Name: store_adminuser_user_permissions_permission_id_071ab9bb; Type: INDEX; Schema: public; Owner: -
--

CREATE INDEX store_adminuser_user_permissions_permission_id_071ab9bb ON public.store_adminuser_user_permissions USING btree (permission_id);


--
-- Name: store_adminuser_username_92a69c89_like; Type: INDEX; Schema: public; Owner: -
--

CREATE INDEX store_adminuser_username_92a69c89_like ON public.store_adminuser USING btree (username varchar_pattern_ops);


--
-- Name: store_banne_display_903d81_idx; Type: INDEX; Schema: public; Owner: -
--

CREATE INDEX store_banne_display_903d81_idx ON public.store_banner USING btree (display_order);


--
-- Name: store_banne_is_acti_172c50_idx; Type: INDEX; Schema: public; Owner: -
--

CREATE INDEX store_banne_is_acti_172c50_idx ON public.store_banner USING btree (is_active);


--
-- Name: store_brand_is_acti_a8ec4f_idx; Type: INDEX; Schema: public; Owner: -
--

CREATE INDEX store_brand_is_acti_a8ec4f_idx ON public.store_brand USING btree (is_active);


--
-- Name: store_categ_is_acti_0b4d39_idx; Type: INDEX; Schema: public; Owner: -
--

CREATE INDEX store_categ_is_acti_0b4d39_idx ON public.store_category USING btree (is_active);


--
-- Name: store_categ_parent__e56892_idx; Type: INDEX; Schema: public; Owner: -
--

CREATE INDEX store_categ_parent__e56892_idx ON public.store_category USING btree (parent_id);


--
-- Name: store_categ_slug_3348ec_idx; Type: INDEX; Schema: public; Owner: -
--

CREATE INDEX store_categ_slug_3348ec_idx ON public.store_category USING btree (slug);


--
-- Name: store_category_parent_id_a6e736ff; Type: INDEX; Schema: public; Owner: -
--

CREATE INDEX store_category_parent_id_a6e736ff ON public.store_category USING btree (parent_id);


--
-- Name: store_category_slug_2d349264_like; Type: INDEX; Schema: public; Owner: -
--

CREATE INDEX store_category_slug_2d349264_like ON public.store_category USING btree (slug varchar_pattern_ops);


--
-- Name: store_coupo_code_db22f9_idx; Type: INDEX; Schema: public; Owner: -
--

CREATE INDEX store_coupo_code_db22f9_idx ON public.store_coupon USING btree (code, is_active);


--
-- Name: store_coupon_code_ff80b376_like; Type: INDEX; Schema: public; Owner: -
--

CREATE INDEX store_coupon_code_ff80b376_like ON public.store_coupon USING btree (code varchar_pattern_ops);


--
-- Name: store_coupon_products_coupon_id_70b946d7; Type: INDEX; Schema: public; Owner: -
--

CREATE INDEX store_coupon_products_coupon_id_70b946d7 ON public.store_coupon_products USING btree (coupon_id);


--
-- Name: store_coupon_products_product_id_1fe45c8c; Type: INDEX; Schema: public; Owner: -
--

CREATE INDEX store_coupon_products_product_id_1fe45c8c ON public.store_coupon_products USING btree (product_id);


--
-- Name: store_disco_code_bade6a_idx; Type: INDEX; Schema: public; Owner: -
--

CREATE INDEX store_disco_code_bade6a_idx ON public.store_discountcode USING btree (code);


--
-- Name: store_disco_is_acti_2d2217_idx; Type: INDEX; Schema: public; Owner: -
--

CREATE INDEX store_disco_is_acti_2d2217_idx ON public.store_discountcode USING btree (is_active);


--
-- Name: store_discountcode_code_6b57f208_like; Type: INDEX; Schema: public; Owner: -
--

CREATE INDEX store_discountcode_code_6b57f208_like ON public.store_discountcode USING btree (code varchar_pattern_ops);


--
-- Name: store_order_created_7e8f5a_idx; Type: INDEX; Schema: public; Owner: -
--

CREATE INDEX store_order_created_7e8f5a_idx ON public.store_orderstatushistory USING btree (created_at DESC);


--
-- Name: store_order_created_cad692_idx; Type: INDEX; Schema: public; Owner: -
--

CREATE INDEX store_order_created_cad692_idx ON public.store_order USING btree (created_at DESC);


--
-- Name: store_order_custome_5fda04_idx; Type: INDEX; Schema: public; Owner: -
--

CREATE INDEX store_order_custome_5fda04_idx ON public.store_order USING btree (customer_phone);


--
-- Name: store_order_governo_b06158_idx; Type: INDEX; Schema: public; Owner: -
--

CREATE INDEX store_order_governo_b06158_idx ON public.store_order USING btree (governorate);


--
-- Name: store_order_order_i_146f10_idx; Type: INDEX; Schema: public; Owner: -
--

CREATE INDEX store_order_order_i_146f10_idx ON public.store_orderstatushistory USING btree (order_id);


--
-- Name: store_order_order_i_70b6d9_idx; Type: INDEX; Schema: public; Owner: -
--

CREATE INDEX store_order_order_i_70b6d9_idx ON public.store_orderitem USING btree (order_id);


--
-- Name: store_order_order_n_317f52_idx; Type: INDEX; Schema: public; Owner: -
--

CREATE INDEX store_order_order_n_317f52_idx ON public.store_order USING btree (order_number);


--
-- Name: store_order_order_number_618730e3_like; Type: INDEX; Schema: public; Owner: -
--

CREATE INDEX store_order_order_number_618730e3_like ON public.store_order USING btree (order_number varchar_pattern_ops);


--
-- Name: store_order_product_056298_idx; Type: INDEX; Schema: public; Owner: -
--

CREATE INDEX store_order_product_056298_idx ON public.store_orderitem USING btree (product_id);


--
-- Name: store_order_status_428b25_idx; Type: INDEX; Schema: public; Owner: -
--

CREATE INDEX store_order_status_428b25_idx ON public.store_order USING btree (status);


--
-- Name: store_orderitem_order_id_acf8722d; Type: INDEX; Schema: public; Owner: -
--

CREATE INDEX store_orderitem_order_id_acf8722d ON public.store_orderitem USING btree (order_id);


--
-- Name: store_orderitem_product_id_f2b098d4; Type: INDEX; Schema: public; Owner: -
--

CREATE INDEX store_orderitem_product_id_f2b098d4 ON public.store_orderitem USING btree (product_id);


--
-- Name: store_orderstatushistory_changed_by_id_202da279; Type: INDEX; Schema: public; Owner: -
--

CREATE INDEX store_orderstatushistory_changed_by_id_202da279 ON public.store_orderstatushistory USING btree (changed_by_id);


--
-- Name: store_orderstatushistory_order_id_604f3e66; Type: INDEX; Schema: public; Owner: -
--

CREATE INDEX store_orderstatushistory_order_id_604f3e66 ON public.store_orderstatushistory USING btree (order_id);


--
-- Name: store_produ_average_66cb30_idx; Type: INDEX; Schema: public; Owner: -
--

CREATE INDEX store_produ_average_66cb30_idx ON public.store_product USING btree (average_rating);


--
-- Name: store_produ_brand_i_7fca7f_idx; Type: INDEX; Schema: public; Owner: -
--

CREATE INDEX store_produ_brand_i_7fca7f_idx ON public.store_product USING btree (brand_id);


--
-- Name: store_produ_categor_6683b7_idx; Type: INDEX; Schema: public; Owner: -
--

CREATE INDEX store_produ_categor_6683b7_idx ON public.store_product USING btree (category_id);


--
-- Name: store_produ_display_a4fa2b_idx; Type: INDEX; Schema: public; Owner: -
--

CREATE INDEX store_produ_display_a4fa2b_idx ON public.store_product USING btree (display_order);


--
-- Name: store_produ_is_acti_d3da42_idx; Type: INDEX; Schema: public; Owner: -
--

CREATE INDEX store_produ_is_acti_d3da42_idx ON public.store_product USING btree (is_active);


--
-- Name: store_produ_is_feat_a0ad0f_idx; Type: INDEX; Schema: public; Owner: -
--

CREATE INDEX store_produ_is_feat_a0ad0f_idx ON public.store_product USING btree (is_featured);


--
-- Name: store_produ_is_on_s_792506_idx; Type: INDEX; Schema: public; Owner: -
--

CREATE INDEX store_produ_is_on_s_792506_idx ON public.store_product USING btree (is_on_sale);


--
-- Name: store_produ_product_e3fa15_idx; Type: INDEX; Schema: public; Owner: -
--

CREATE INDEX store_produ_product_e3fa15_idx ON public.store_productimage USING btree (product_id, is_primary);


--
-- Name: store_produ_product_f5a1cb_idx; Type: INDEX; Schema: public; Owner: -
--

CREATE INDEX store_produ_product_f5a1cb_idx ON public.store_productimage USING btree (product_id);


--
-- Name: store_produ_slug_361302_idx; Type: INDEX; Schema: public; Owner: -
--

CREATE INDEX store_produ_slug_361302_idx ON public.store_product USING btree (slug);


--
-- Name: store_product_brand_id_ec9e66ab; Type: INDEX; Schema: public; Owner: -
--

CREATE INDEX store_product_brand_id_ec9e66ab ON public.store_product USING btree (brand_id);


--
-- Name: store_product_category_id_574bae65; Type: INDEX; Schema: public; Owner: -
--

CREATE INDEX store_product_category_id_574bae65 ON public.store_product USING btree (category_id);


--
-- Name: store_product_sku_842ee8ec_like; Type: INDEX; Schema: public; Owner: -
--

CREATE INDEX store_product_sku_842ee8ec_like ON public.store_product USING btree (sku varchar_pattern_ops);


--
-- Name: store_product_slug_6de8ee4b_like; Type: INDEX; Schema: public; Owner: -
--

CREATE INDEX store_product_slug_6de8ee4b_like ON public.store_product USING btree (slug varchar_pattern_ops);


--
-- Name: store_productimage_product_id_e50e4046; Type: INDEX; Schema: public; Owner: -
--

CREATE INDEX store_productimage_product_id_e50e4046 ON public.store_productimage USING btree (product_id);


--
-- Name: store_revie_created_805ccb_idx; Type: INDEX; Schema: public; Owner: -
--

CREATE INDEX store_revie_created_805ccb_idx ON public.store_review USING btree (created_at DESC);


--
-- Name: store_revie_is_appr_2e0ce0_idx; Type: INDEX; Schema: public; Owner: -
--

CREATE INDEX store_revie_is_appr_2e0ce0_idx ON public.store_review USING btree (is_approved);


--
-- Name: store_revie_product_7f7a24_idx; Type: INDEX; Schema: public; Owner: -
--

CREATE INDEX store_revie_product_7f7a24_idx ON public.store_review USING btree (product_id);


--
-- Name: store_revie_rating_af4d8e_idx; Type: INDEX; Schema: public; Owner: -
--

CREATE INDEX store_revie_rating_af4d8e_idx ON public.store_review USING btree (rating);


--
-- Name: store_review_order_id_05dc0ac3; Type: INDEX; Schema: public; Owner: -
--

CREATE INDEX store_review_order_id_05dc0ac3 ON public.store_review USING btree (order_id);


--
-- Name: store_review_product_id_abc413b2; Type: INDEX; Schema: public; Owner: -
--

CREATE INDEX store_review_product_id_abc413b2 ON public.store_review USING btree (product_id);


--
-- Name: store_shipp_governo_e26c95_idx; Type: INDEX; Schema: public; Owner: -
--

CREATE INDEX store_shipp_governo_e26c95_idx ON public.store_shippingzone USING btree (governorate);


--
-- Name: store_shippingzone_governorate_f397ebda_like; Type: INDEX; Schema: public; Owner: -
--

CREATE INDEX store_shippingzone_governorate_f397ebda_like ON public.store_shippingzone USING btree (governorate varchar_pattern_ops);


--
-- Name: store_sitesetting_key_ce55ddee_like; Type: INDEX; Schema: public; Owner: -
--

CREATE INDEX store_sitesetting_key_ce55ddee_like ON public.store_sitesetting USING btree (key varchar_pattern_ops);


--
-- Name: auth_group_permissions auth_group_permissio_permission_id_84c5c92e_fk_auth_perm; Type: FK CONSTRAINT; Schema: public; Owner: -
--

ALTER TABLE ONLY public.auth_group_permissions
    ADD CONSTRAINT auth_group_permissio_permission_id_84c5c92e_fk_auth_perm FOREIGN KEY (permission_id) REFERENCES public.auth_permission(id) DEFERRABLE INITIALLY DEFERRED;


--
-- Name: auth_group_permissions auth_group_permissions_group_id_b120cbf9_fk_auth_group_id; Type: FK CONSTRAINT; Schema: public; Owner: -
--

ALTER TABLE ONLY public.auth_group_permissions
    ADD CONSTRAINT auth_group_permissions_group_id_b120cbf9_fk_auth_group_id FOREIGN KEY (group_id) REFERENCES public.auth_group(id) DEFERRABLE INITIALLY DEFERRED;


--
-- Name: auth_permission auth_permission_content_type_id_2f476e4b_fk_django_co; Type: FK CONSTRAINT; Schema: public; Owner: -
--

ALTER TABLE ONLY public.auth_permission
    ADD CONSTRAINT auth_permission_content_type_id_2f476e4b_fk_django_co FOREIGN KEY (content_type_id) REFERENCES public.django_content_type(id) DEFERRABLE INITIALLY DEFERRED;


--
-- Name: authtoken_token authtoken_token_user_id_35299eff_fk_store_adminuser_id; Type: FK CONSTRAINT; Schema: public; Owner: -
--

ALTER TABLE ONLY public.authtoken_token
    ADD CONSTRAINT authtoken_token_user_id_35299eff_fk_store_adminuser_id FOREIGN KEY (user_id) REFERENCES public.store_adminuser(id) DEFERRABLE INITIALLY DEFERRED;


--
-- Name: django_admin_log django_admin_log_content_type_id_c4bce8eb_fk_django_co; Type: FK CONSTRAINT; Schema: public; Owner: -
--

ALTER TABLE ONLY public.django_admin_log
    ADD CONSTRAINT django_admin_log_content_type_id_c4bce8eb_fk_django_co FOREIGN KEY (content_type_id) REFERENCES public.django_content_type(id) DEFERRABLE INITIALLY DEFERRED;


--
-- Name: django_admin_log django_admin_log_user_id_c564eba6_fk_store_adminuser_id; Type: FK CONSTRAINT; Schema: public; Owner: -
--

ALTER TABLE ONLY public.django_admin_log
    ADD CONSTRAINT django_admin_log_user_id_c564eba6_fk_store_adminuser_id FOREIGN KEY (user_id) REFERENCES public.store_adminuser(id) DEFERRABLE INITIALLY DEFERRED;


--
-- Name: store_adminuser_groups store_adminuser_grou_adminuser_id_f1d3fae4_fk_store_adm; Type: FK CONSTRAINT; Schema: public; Owner: -
--

ALTER TABLE ONLY public.store_adminuser_groups
    ADD CONSTRAINT store_adminuser_grou_adminuser_id_f1d3fae4_fk_store_adm FOREIGN KEY (adminuser_id) REFERENCES public.store_adminuser(id) DEFERRABLE INITIALLY DEFERRED;


--
-- Name: store_adminuser_groups store_adminuser_groups_group_id_4df1b688_fk_auth_group_id; Type: FK CONSTRAINT; Schema: public; Owner: -
--

ALTER TABLE ONLY public.store_adminuser_groups
    ADD CONSTRAINT store_adminuser_groups_group_id_4df1b688_fk_auth_group_id FOREIGN KEY (group_id) REFERENCES public.auth_group(id) DEFERRABLE INITIALLY DEFERRED;


--
-- Name: store_adminuser_user_permissions store_adminuser_user_adminuser_id_adbda3da_fk_store_adm; Type: FK CONSTRAINT; Schema: public; Owner: -
--

ALTER TABLE ONLY public.store_adminuser_user_permissions
    ADD CONSTRAINT store_adminuser_user_adminuser_id_adbda3da_fk_store_adm FOREIGN KEY (adminuser_id) REFERENCES public.store_adminuser(id) DEFERRABLE INITIALLY DEFERRED;


--
-- Name: store_adminuser_user_permissions store_adminuser_user_permission_id_071ab9bb_fk_auth_perm; Type: FK CONSTRAINT; Schema: public; Owner: -
--

ALTER TABLE ONLY public.store_adminuser_user_permissions
    ADD CONSTRAINT store_adminuser_user_permission_id_071ab9bb_fk_auth_perm FOREIGN KEY (permission_id) REFERENCES public.auth_permission(id) DEFERRABLE INITIALLY DEFERRED;


--
-- Name: store_category store_category_parent_id_a6e736ff_fk_store_category_id; Type: FK CONSTRAINT; Schema: public; Owner: -
--

ALTER TABLE ONLY public.store_category
    ADD CONSTRAINT store_category_parent_id_a6e736ff_fk_store_category_id FOREIGN KEY (parent_id) REFERENCES public.store_category(id) DEFERRABLE INITIALLY DEFERRED;


--
-- Name: store_coupon_products store_coupon_products_coupon_id_70b946d7_fk_store_coupon_id; Type: FK CONSTRAINT; Schema: public; Owner: -
--

ALTER TABLE ONLY public.store_coupon_products
    ADD CONSTRAINT store_coupon_products_coupon_id_70b946d7_fk_store_coupon_id FOREIGN KEY (coupon_id) REFERENCES public.store_coupon(id) DEFERRABLE INITIALLY DEFERRED;


--
-- Name: store_coupon_products store_coupon_products_product_id_1fe45c8c_fk_store_product_id; Type: FK CONSTRAINT; Schema: public; Owner: -
--

ALTER TABLE ONLY public.store_coupon_products
    ADD CONSTRAINT store_coupon_products_product_id_1fe45c8c_fk_store_product_id FOREIGN KEY (product_id) REFERENCES public.store_product(id) DEFERRABLE INITIALLY DEFERRED;


--
-- Name: store_orderitem store_orderitem_order_id_acf8722d_fk_store_order_id; Type: FK CONSTRAINT; Schema: public; Owner: -
--

ALTER TABLE ONLY public.store_orderitem
    ADD CONSTRAINT store_orderitem_order_id_acf8722d_fk_store_order_id FOREIGN KEY (order_id) REFERENCES public.store_order(id) DEFERRABLE INITIALLY DEFERRED;


--
-- Name: store_orderitem store_orderitem_product_id_f2b098d4_fk_store_product_id; Type: FK CONSTRAINT; Schema: public; Owner: -
--

ALTER TABLE ONLY public.store_orderitem
    ADD CONSTRAINT store_orderitem_product_id_f2b098d4_fk_store_product_id FOREIGN KEY (product_id) REFERENCES public.store_product(id) DEFERRABLE INITIALLY DEFERRED;


--
-- Name: store_orderstatushistory store_orderstatushis_changed_by_id_202da279_fk_store_adm; Type: FK CONSTRAINT; Schema: public; Owner: -
--

ALTER TABLE ONLY public.store_orderstatushistory
    ADD CONSTRAINT store_orderstatushis_changed_by_id_202da279_fk_store_adm FOREIGN KEY (changed_by_id) REFERENCES public.store_adminuser(id) DEFERRABLE INITIALLY DEFERRED;


--
-- Name: store_orderstatushistory store_orderstatushistory_order_id_604f3e66_fk_store_order_id; Type: FK CONSTRAINT; Schema: public; Owner: -
--

ALTER TABLE ONLY public.store_orderstatushistory
    ADD CONSTRAINT store_orderstatushistory_order_id_604f3e66_fk_store_order_id FOREIGN KEY (order_id) REFERENCES public.store_order(id) DEFERRABLE INITIALLY DEFERRED;


--
-- Name: store_product store_product_brand_id_ec9e66ab_fk_store_brand_id; Type: FK CONSTRAINT; Schema: public; Owner: -
--

ALTER TABLE ONLY public.store_product
    ADD CONSTRAINT store_product_brand_id_ec9e66ab_fk_store_brand_id FOREIGN KEY (brand_id) REFERENCES public.store_brand(id) DEFERRABLE INITIALLY DEFERRED;


--
-- Name: store_product store_product_category_id_574bae65_fk_store_category_id; Type: FK CONSTRAINT; Schema: public; Owner: -
--

ALTER TABLE ONLY public.store_product
    ADD CONSTRAINT store_product_category_id_574bae65_fk_store_category_id FOREIGN KEY (category_id) REFERENCES public.store_category(id) DEFERRABLE INITIALLY DEFERRED;


--
-- Name: store_productimage store_productimage_product_id_e50e4046_fk_store_product_id; Type: FK CONSTRAINT; Schema: public; Owner: -
--

ALTER TABLE ONLY public.store_productimage
    ADD CONSTRAINT store_productimage_product_id_e50e4046_fk_store_product_id FOREIGN KEY (product_id) REFERENCES public.store_product(id) DEFERRABLE INITIALLY DEFERRED;


--
-- Name: store_review store_review_order_id_05dc0ac3_fk_store_order_id; Type: FK CONSTRAINT; Schema: public; Owner: -
--

ALTER TABLE ONLY public.store_review
    ADD CONSTRAINT store_review_order_id_05dc0ac3_fk_store_order_id FOREIGN KEY (order_id) REFERENCES public.store_order(id) DEFERRABLE INITIALLY DEFERRED;


--
-- Name: store_review store_review_product_id_abc413b2_fk_store_product_id; Type: FK CONSTRAINT; Schema: public; Owner: -
--

ALTER TABLE ONLY public.store_review
    ADD CONSTRAINT store_review_product_id_abc413b2_fk_store_product_id FOREIGN KEY (product_id) REFERENCES public.store_product(id) DEFERRABLE INITIALLY DEFERRED;


--
-- PostgreSQL database dump complete
--

\unrestrict trj3nDRqCHRDFzW8L1KWfK09aU4NfaJBbkAaNvCQnfgIauPuejTF0p8HHluLn8y

